osmid,name,highway,oneway,length,maxspeed,geometry,u,v,key
24036,Helenevej,living_street,False,127.147,,"LINESTRING (12.5431602 55.680145, 12.5450566 55.6797397)",781055,792028,0
24036,Helenevej,living_street,False,127.147,,"LINESTRING (12.5450566 55.6797397, 12.5431602 55.680145)",792028,781055,0
157515966,Halmtorvet,living_street,True,68.05,50,"LINESTRING (12.5628977 55.6713144, 12.5619638 55.6710027)",7224394,1190835540,0
549552270,Onkel Dannys Plads,living_street,False,6.674,,"LINESTRING (12.5607883 55.6700664, 12.5607578 55.6700089)",298795671,5308388711,0
157515966,Halmtorvet,living_street,True,14.148,50,"LINESTRING (12.5619638 55.6710027, 12.5618197 55.6709048)",1190835540,93984235,0
549552270,Onkel Dannys Plads,living_street,False,16.568,,"LINESTRING (12.5608575 55.6697421, 12.5606955 55.6698598)",1307773083,5308388710,0
549552270,Onkel Dannys Plads,living_street,False,17.033,,"LINESTRING (12.5606955 55.6698598, 12.5607578 55.6700089)",5308388710,5308388711,0
549552270,Onkel Dannys Plads,living_street,False,16.568,,"LINESTRING (12.5606955 55.6698598, 12.5608575 55.6697421)",5308388710,1307773083,0
549552270,Onkel Dannys Plads,living_street,False,6.674,,"LINESTRING (12.5607578 55.6700089, 12.5607883 55.6700664)",5308388711,298795671,0
549552270,Onkel Dannys Plads,living_street,False,17.033,,"LINESTRING (12.5607578 55.6700089, 12.5606955 55.6698598)",5308388711,5308388710,0
