osmid,oneway,name,highway,length,maxspeed,access,lanes,width,service,geometry,u,v,key
440183357,False,Carrer de Sant Joan de Malta,living_street,7.064,,,,,,"LINESTRING (2.1967431 41.405449, 2.1968078 41.405408)",30297454,7160894921,0
459401066,True,Rambla del Poblenou,living_street,3.281,20,designated,,,,"LINESTRING (2.197326 41.4041837, 2.1972981 41.4042045)",30297527,506223377,0
440740427,True,Carrer de Roc Boronat,living_street,22.368,20,,1,3,,"LINESTRING (2.1938555 41.4032723, 2.1940418 41.4031276)",365565831,1829944851,0
41382983,True,Passatge de Masoliver,living_street,6.857,20,,1,,,"LINESTRING (2.1989285 41.3985665, 2.1988709 41.3986105)",365566117,8243643366,0
459401066,True,Rambla del Poblenou,living_street,83.394,20,designated,,,,"LINESTRING (2.1970247 41.4044162, 2.1963311 41.4049564)",441667579,4715288292,0
440183357,False,Carrer de Sant Joan de Malta,living_street,77.482,,,,,,"LINESTRING (2.1976373 41.4048843, 2.1969263 41.4053328)",441667581,5971873381,0
251551137,True,Carrer de Sancho de Ávila,living_street,18.451,10,,1,3,,"LINESTRING (2.1927285 41.4007043, 2.1928824 41.4008235)",506223345,4411622705,0
440740425,True,Carrer de Roc Boronat,living_street,2.795,20,,1,3,,"LINESTRING (2.1951039 41.4022935, 2.1951277 41.4022758)",506223372,8122247191,0
459401066,True,Rambla del Poblenou,living_street,9.223,20,designated,,,,"LINESTRING (2.1972981 41.4042045, 2.1972212 41.4042641)",506223377,5764490168,0
459401066,True,Rambla del Poblenou,living_street,8.519,20,designated,,,,"LINESTRING (2.1976152 41.4039737, 2.1975417 41.4040269)",506223420,4587108275,0
45949624,True,Carrer de Sant Joan de Malta,living_street,6.75,30,,,,,"LINESTRING (2.1963485 41.4058096, 2.1962911 41.4058524)",585245862,7160894927,0
51784388,True,Passatge de Pere Ripoll,living_street,73.505,30,,,,,"LINESTRING (2.1992113 41.4036287, 2.198723 41.4030784)",660778326,660778322,0
51784676,True,Passatge de Bosch i Labrús,living_street,51.784,30,,1,,,"LINESTRING (2.1992113 41.4036287, 2.1987354 41.4039278)",660778326,4234157694,0
51784676,True,Passatge de Bosch i Labrús,living_street,49.166,30,,1,,,"LINESTRING (2.1996556 41.4033381, 2.1992113 41.4036287)",660778586,660778326,0
862454893,False,Passatge de Caminal,living_street,11.662,20,,,,,"LINESTRING (2.197387 41.3997321, 2.1972714 41.3997911)",660788461,6116735452,0
41382983,True,Passatge de Masoliver,living_street,4.789,20,,1,,,"LINESTRING (2.2000318 41.3977301, 2.1999914 41.3977607)",1621899820,7333099318,0
440740427,True,Carrer de Roc Boronat,living_street,9.758,20,,1,3,,"LINESTRING (2.1946793 41.4026387, 2.1947564 41.4025727)",1829944834,8122247192,0
440740427,True,Carrer de Roc Boronat,living_street,51.86,20,,1,3,,"LINESTRING (2.1940418 41.4031276, 2.1944766 41.4027942)",1829944851,8279041071,0
273302701,True,Carrer de Roc Boronat,living_street,40.657,20,,1,3,,"LINESTRING (2.1964841 41.401294, 2.1967921 41.4010106)",2238485654,5292097085,0
237521095,True,Carrer de la Ciutat de Granada,living_street,53.979,10,,1,3,,"LINESTRING (2.1956172 41.4002322, 2.1951607 41.4005763)",2291722043,8122048085,0
220149006,True,Passatge Ferrer i Vidal,living_street,8.086,20,,1,,,"LINESTRING (2.1989518 41.3994017, 2.1990197 41.3994536)",2292708174,7932187393,0
237521095,True,Carrer de la Ciutat de Granada,living_street,18.758,10,,1,3,,"LINESTRING (2.1960961 41.3998712, 2.1959375 41.3999908)",2454108931,4385541146,0
183644193,False,Passatge de Cantí,living_street,1.025,20,no,1,,,"LINESTRING (2.2002568 41.4019235, 2.2002651 41.4019303)",2473393899,8275699982,0
440773130,True,Rambla del Poblenou,living_street,9.232,20,designated,,,parking_aisle,"LINESTRING (2.197176 41.4040694, 2.1972532 41.4040099)",2473393976,7316833243,0
440773131,True,Carrer de Sancho d'Avila,living_street,10.244,10,destination,2,,,"LINESTRING (2.197176 41.4040694, 2.1972621 41.4041351)",2473393976,2473405276,0
239562155,True,Rambla del Poblenou,living_street,3.929,20,yes,,,,"LINESTRING (2.197145 41.404096, 2.197176 41.4040694)",2473393978,2473393976,0
239562155,True,Rambla del Poblenou,living_street,12.184,20,yes,,,,"LINESTRING (2.1960521 41.4049281, 2.1961487 41.4048459)",2473394000,7320072792,0
440773131,True,Carrer de Sancho d'Avila,living_street,7.59,10,destination,2,,,"LINESTRING (2.1972621 41.4041351, 2.197326 41.4041837)",2473405276,30297527,0
41382983,True,Passatge de Masoliver,living_street,3.822,20,,1,,,"LINESTRING (2.1977929 41.3994345, 2.1977616 41.3994596)",2767286494,365566120,0
703248212,True,Carrer de Sancho de Ávila,living_street,67.506,10,,1,3,,"LINESTRING (2.1929053 41.4008413, 2.1934667 41.4012786)",3105279331,5764725037,0
440740420,True,Carrer de la Ciutat de Granada,living_street,34.095,10,,1,3,,"LINESTRING (2.1942375 41.40127, 2.1945232 41.4010507)",3105279831,4385782226,0
440740420,True,Carrer de la Ciutat de Granada,living_street,24.535,10,,1,3,,"LINESTRING (2.1940319 41.4014278, 2.1942375 41.40127)",3105280632,3105279831,0
440740421,True,Carrer dels Almogàvers,living_street,10.315,10,,1,3,,"LINESTRING (2.1948665 41.4006273, 2.1947761 41.400564)",3105288430,8122048083,0
440740421,True,Carrer dels Almogàvers,living_street,3.913,10,,1,3,,"LINESTRING (2.19407 41.3999985, 2.1940336 41.3999763)",3105288631,8122048087,0
237521108,True,Carrer dels Almogàvers,living_street,20.47,10,,1,3,,"LINESTRING (2.1951604 41.4008552, 2.1953387 41.4009817)",3797264994,5764727139,0
51784676,True,Passatge de Bosch i Labrús,living_street,5.063,30,,1,,,"LINESTRING (2.1987354 41.4039278, 2.1986834 41.4039513)",4234157694,4237804310,0
237799273,True,Camí Antic de València,living_street,4.22,20,,,,,"LINESTRING (2.200221 41.4039864, 2.200192 41.4039553)",4237804311,30253045,0
459401066,True,Rambla del Poblenou,living_street,5.919,20,designated,,,,"LINESTRING (2.1982768 41.4034377, 2.1982285 41.4034767)",4309985784,4952629846,0
440740420,True,Carrer de la Ciutat de Granada,living_street,2.141,10,,1,3,,"LINESTRING (2.194014 41.4014416, 2.1940319 41.4014278)",4384580710,3105280632,0
440680382,True,Carrer de la Ciutat de Granada,living_street,2.82,10,,1,3,,"LINESTRING (2.1936827 41.4017234, 2.1936593 41.4017417)",4384580712,8122247195,0
440788954,True,,living_street,27.093,10,,1,3,,"LINESTRING (2.1936893 41.4014485, 2.194014 41.4014416)",4385152383,4384580710,0
440788956,True,,living_street,28.72,10,,1,3,,"LINESTRING (2.1940269 41.401716, 2.1936827 41.4017234)",4385152384,4384580712,0
440788937,True,Carrer de Roc Boronat,living_street,19.641,20,,,,,"LINESTRING (2.1947964 41.4025416, 2.1949567 41.4024122)",4385152385,4385601469,0
440788962,True,,living_street,24.589,10,,1,3,,"LINESTRING (2.1947964 41.4025416, 2.1948353 41.4023224)",4385152385,4385152387,0
440680377,True,Carrer de Sancho de Ávila,living_street,6.156,10,,1,3,,"LINESTRING (2.1948353 41.4023224, 2.194784 41.4022826)",4385152387,8122247193,0
440788965,True,,living_street,28.82,10,,1,3,,"LINESTRING (2.1951335 41.4005968, 2.1951604 41.4008552)",4385152489,3797264994,0
440740423,True,,living_street,18.838,10,,1,3,,"LINESTRING (2.1948551 41.4007965, 2.1948665 41.4006273)",4385152491,3105288430,0
440788951,True,,living_street,17.462,10,,1,3,,"LINESTRING (2.1959563 41.4014407, 2.196104 41.401552)",4385152494,4385152495,0
255327563,True,Carrer de Roc Boronat,living_street,30.62,20,,1,3,,"LINESTRING (2.196104 41.401552, 2.1963802 41.4013706)",4385152495,6957318855,0
440788939,True,Carrer de Roc Boronat,living_street,15.46,20,,,,,"LINESTRING (2.1958791 41.4017178, 2.1959992 41.4016119)",4385152497,5764726550,0
237521095,True,Carrer de la Ciutat de Granada,living_street,2.589,10,,1,3,,"LINESTRING (2.1959375 41.3999908, 2.1959156 41.4000073)",4385541146,4385914977,0
440788939,True,Carrer de Roc Boronat,living_street,5.124,20,,,,,"LINESTRING (2.1960518 41.4015763, 2.196104 41.401552)",4385601467,4385152495,0
440788937,True,Carrer de Roc Boronat,living_street,18.026,20,,,,,"LINESTRING (2.1949567 41.4024122, 2.1951039 41.4022935)",4385601469,506223372,0
440740420,True,Carrer de la Ciutat de Granada,living_street,26.568,10,,1,3,,"LINESTRING (2.1945232 41.4010507, 2.1947458 41.4008798)",4385782226,8122048084,0
237521095,True,Carrer de la Ciutat de Granada,living_street,35.283,10,,1,3,,"LINESTRING (2.1959156 41.4000073, 2.1956172 41.4002322)",4385914977,2291722043,0
703248212,True,Carrer de Sancho de Ávila,living_street,2.751,10,,1,3,,"LINESTRING (2.1928824 41.4008235, 2.1929053 41.4008413)",4411622705,3105279331,0
440680382,True,Carrer de la Ciutat de Granada,living_street,5.018,10,,1,3,,"LINESTRING (2.1929314 41.4023108, 2.1928898 41.4023434)",4411622711,8122247214,0
459401066,True,Rambla del Poblenou,living_street,9.201,20,designated,,,,"LINESTRING (2.1971015 41.4043568, 2.1970247 41.4044162)",4587108274,441667579,0
459401066,True,Rambla del Poblenou,living_street,14.157,20,designated,,,,"LINESTRING (2.1975417 41.4040269, 2.1974198 41.4041155)",4587108275,7316833247,0
459401066,True,Rambla del Poblenou,living_street,3.131,20,designated,,,,"LINESTRING (2.1963311 41.4049564, 2.1963055 41.404977)",4715288292,7320072797,0
440773130,True,Rambla del Poblenou,living_street,0.696,20,designated,,,parking_aisle,"LINESTRING (2.1980044 41.403432, 2.1980102 41.4034275)",4715291179,7316833251,0
459401066,True,Rambla del Poblenou,living_street,9.675,20,designated,,,,"LINESTRING (2.1982285 41.4034767, 2.1981505 41.4035411)",4952629846,5764490166,0
440773130,True,Rambla del Poblenou,living_street,4.897,20,designated,,,parking_aisle,"LINESTRING (2.1981285 41.4033347, 2.1981754 41.4033082)",4952629848,2473393967,0
273302701,True,Carrer de Roc Boronat,living_street,4.408,20,,1,3,,"LINESTRING (2.1967921 41.4010106, 2.1968287 41.400982)",5292097085,8279041070,0
566140828,True,Passatge d'Iglèsias,living_street,5.091,20,,,,,"LINESTRING (2.1940254 41.3982312, 2.194079 41.3982093)",5451351933,8242250457,0
459401066,True,Rambla del Poblenou,living_street,65.629,20,designated,,,,"LINESTRING (2.1981505 41.4035411, 2.1976152 41.4039737)",5764490166,506223420,0
459401066,True,Rambla del Poblenou,living_street,14.35,20,designated,,,,"LINESTRING (2.1972212 41.4042641, 2.1971015 41.4043568)",5764490168,4587108274,0
239562155,True,Rambla del Poblenou,living_street,10.067,20,yes,,,,"LINESTRING (2.1970603 41.4041605, 2.197145 41.404096)",5764490169,2473393978,0
703248212,True,Carrer de Sancho de Ávila,living_street,22.466,10,,1,3,,"LINESTRING (2.1934667 41.4012786, 2.1936555 41.4014227)",5764725037,8122247196,0
440788939,True,Carrer de Roc Boronat,living_street,5.909,20,,,,,"LINESTRING (2.1959992 41.4016119, 2.1960518 41.4015763)",5764726550,4385601467,0
440680377,True,Carrer de Sancho de Ávila,living_street,63.407,10,,1,3,,"LINESTRING (2.1947315 41.4022419, 2.1941922 41.40184)",5764727137,5764727138,0
440680377,True,Carrer de Sancho de Ávila,living_street,16.055,10,,1,3,,"LINESTRING (2.1941922 41.40184, 2.1940561 41.4017379)",5764727138,8122247194,0
237521108,True,Carrer dels Almogàvers,living_street,62.12,10,,1,3,,"LINESTRING (2.1953387 41.4009817, 2.1958799 41.4013655)",5764727139,5764727140,0
237521108,True,Carrer dels Almogàvers,living_street,10.513,10,,1,3,,"LINESTRING (2.1958799 41.4013655, 2.1959563 41.4014407)",5764727140,4385152494,0
239562155,True,Rambla del Poblenou,living_street,106.054,20,yes,,,,"LINESTRING (2.1961614 41.4048351, 2.1970603 41.4041605)",5769039398,5764490169,0
440183357,False,Carrer de Sant Joan de Malta,living_street,77.482,,,,,,"LINESTRING (2.1969263 41.4053328, 2.1976373 41.4048843)",5971873381,441667581,0
440183357,False,Carrer de Sant Joan de Malta,living_street,12.946,,,,,,"LINESTRING (2.1969263 41.4053328, 2.1968078 41.405408)",5971873381,7160894921,0
440680382,True,Carrer de la Ciutat de Granada,living_street,9.06,10,,1,3,,"LINESTRING (2.1930066 41.402252, 2.1929314 41.4023108)",6080909188,4411622711,0
862454893,False,Passatge de Caminal,living_street,18.115,20,,,,,"LINESTRING (2.1972714 41.3997911, 2.1970942 41.3998853)",6116735452,8035208086,0
862454893,False,Passatge de Caminal,living_street,11.662,20,,,,,"LINESTRING (2.1972714 41.3997911, 2.197387 41.3997321)",6116735452,660788461,0
273302701,True,Carrer de Roc Boronat,living_street,2.928,20,,1,3,,"LINESTRING (2.1969748 41.4008678, 2.1969991 41.4008488)",6957318853,8109578038,0
255327563,True,Carrer de Roc Boronat,living_street,4.296,20,,1,3,,"LINESTRING (2.1963802 41.4013706, 2.1964154 41.4013424)",6957318855,8122048082,0
41382983,True,Passatge de Masoliver,living_street,2.444,20,,1,,,"LINESTRING (2.1978481 41.3993923, 2.1978276 41.399408)",7037173018,8275700013,0
41382983,True,Passatge de Masoliver,living_street,1.814,20,,1,,,"LINESTRING (2.1989966 41.3985148, 2.1989813 41.3985264)",7037173073,7866514416,0
440183357,False,Carrer de Sant Joan de Malta,living_street,12.946,,,,,,"LINESTRING (2.1968078 41.405408, 2.1969263 41.4053328)",7160894921,5971873381,0
440183357,False,Carrer de Sant Joan de Malta,living_street,7.064,,,,,,"LINESTRING (2.1968078 41.405408, 2.1967431 41.405449)",7160894921,30297454,0
440773130,True,Rambla del Poblenou,living_street,89.748,20,designated,,,parking_aisle,"LINESTRING (2.1972532 41.4040099, 2.1980044 41.403432)",7316833243,4715291179,0
459401066,True,Rambla del Poblenou,living_street,10.896,20,designated,,,,"LINESTRING (2.1974198 41.4041155, 2.197326 41.4041837)",7316833247,30297527,0
440773130,True,Rambla del Poblenou,living_street,14.277,20,designated,,,parking_aisle,"LINESTRING (2.1980102 41.4034275, 2.1981285 41.4033347)",7316833251,4952629848,0
239562155,True,Rambla del Poblenou,living_street,1.601,20,yes,,,,"LINESTRING (2.1961487 41.4048459, 2.1961614 41.4048351)",7320072792,5769039398,0
459401066,True,Rambla del Poblenou,living_street,11.157,20,designated,,,,"LINESTRING (2.1963055 41.404977, 2.1962143 41.4050504)",7320072797,30297525,0
41382983,True,Passatge de Masoliver,living_street,117.968,20,,1,,,"LINESTRING (2.1999914 41.3977607, 2.1989966 41.3985148)",7333099318,7037173073,0
41382983,True,Passatge de Masoliver,living_street,6.267,20,,1,,,"LINESTRING (2.1989813 41.3985264, 2.1989285 41.3985665)",7866514416,365566117,0
220149006,True,Passatge Ferrer i Vidal,living_street,116.152,20,,1,,,"LINESTRING (2.1990197 41.3994536, 2.199995 41.4001992)",7932187393,8220463979,0
862454893,False,Passatge de Caminal,living_street,18.115,20,,,,,"LINESTRING (2.1970942 41.3998853, 2.1972714 41.3997911)",8035208086,6116735452,0
273302701,True,Carrer de Roc Boronat,living_street,22.582,20,,1,3,,"LINESTRING (2.1969991 41.4008488, 2.1971866 41.4007023)",8109578038,2075448033,0
255327563,True,Carrer de Roc Boronat,living_street,7.861,20,,1,3,,"LINESTRING (2.1964154 41.4013424, 2.1964841 41.401294)",8122048082,2238485654,0
440740421,True,Carrer dels Almogàvers,living_street,86.154,10,,1,3,,"LINESTRING (2.1947761 41.400564, 2.19407 41.3999985)",8122048083,3105288631,0
440740420,True,Carrer de la Ciutat de Granada,living_street,12.996,10,,1,3,,"LINESTRING (2.1947458 41.4008798, 2.1948551 41.4007965)",8122048084,4385152491,0
237521095,True,Carrer de la Ciutat de Granada,living_street,3.216,10,,1,3,,"LINESTRING (2.1951607 41.4005763, 2.1951335 41.4005968)",8122048085,4385152489,0
440740421,True,Carrer dels Almogàvers,living_street,21.889,10,,1,3,,"LINESTRING (2.1940336 41.3999763, 2.1938081 41.3998756)",8122048087,30689536,0
440740425,True,Carrer de Roc Boronat,living_street,88.19,20,,1,3,,"LINESTRING (2.1951277 41.4022758, 2.1958791 41.4017178)",8122247191,4385152497,0
440740427,True,Carrer de Roc Boronat,living_street,4.805,20,,1,3,,"LINESTRING (2.1947564 41.4025727, 2.1947964 41.4025416)",8122247192,4385152385,0
440680377,True,Carrer de Sancho de Ávila,living_street,6.297,10,,1,3,,"LINESTRING (2.194784 41.4022826, 2.1947315 41.4022419)",8122247193,5764727137,0
440680377,True,Carrer de Sancho de Ávila,living_street,3.444,10,,1,3,,"LINESTRING (2.1940561 41.4017379, 2.1940269 41.401716)",8122247194,4385152384,0
440680382,True,Carrer de la Ciutat de Granada,living_street,78.634,10,,1,3,,"LINESTRING (2.1936593 41.4017417, 2.1930066 41.402252)",8122247195,6080909188,0
703248212,True,Carrer de Sancho de Ávila,living_street,4.022,10,,1,3,,"LINESTRING (2.1936555 41.4014227, 2.1936893 41.4014485)",8122247196,4385152383,0
440680382,True,Carrer de la Ciutat de Granada,living_street,16.754,10,,1,3,,"LINESTRING (2.1928898 41.4023434, 2.1927507 41.4024521)",8122247214,4411622709,0
220149006,True,Passatge Ferrer i Vidal,living_street,8.147,20,,1,,,"LINESTRING (2.199995 41.4001992, 2.2000634 41.4002515)",8220463979,2292708327,0
566140828,True,Passatge d'Iglèsias,living_street,118.742,20,,,,,"LINESTRING (2.194079 41.3982093, 2.1953282 41.3976972)",8242250457,8275700026,0
41382983,True,Passatge de Masoliver,living_street,121.8,20,,1,,,"LINESTRING (2.1988709 41.3986105, 2.1978481 41.3993923)",8243643366,7037173018,0
183644193,False,Passatge de Cantí,living_street,1.025,20,no,1,,,"LINESTRING (2.2002651 41.4019303, 2.2002568 41.4019235)",8275699982,2473393899,0
41382983,True,Passatge de Masoliver,living_street,4.13,20,,1,,,"LINESTRING (2.1978276 41.399408, 2.1977929 41.3994345)",8275700013,2767286494,0
566140828,True,Passatge d'Iglèsias,living_street,5.654,20,,,,,"LINESTRING (2.1953282 41.3976972, 2.1953881 41.3976734)",8275700026,5451351932,0
273302701,True,Carrer de Roc Boronat,living_street,17.6,20,,1,3,,"LINESTRING (2.1968287 41.400982, 2.1969748 41.4008678)",8279041070,6957318853,0
440740427,True,Carrer de Roc Boronat,living_street,24.183,20,,1,3,,"LINESTRING (2.1944766 41.4027942, 2.1946793 41.4026387)",8279041071,1829944834,0
