osmid,name,highway,oneway,length,maxspeed,area,geometry,u,v,key
263934970,Dragarbrunnsgatan,living_street,False,8.147,,,"LINESTRING (17.6403952 59.8592204, 17.6404916 59.8591654)",309986,2821805690,0
263934972,Dragarbrunnsgatan,living_street,False,9.527,7,,"LINESTRING (17.6403952 59.8592204, 17.6402813 59.8592842)",309986,2821805698,0
263934969,Bredgränd,living_street,False,9.117,,,"LINESTRING (17.6434931 59.8587715, 17.6433773 59.8587137)",312361,2189126164,0
4281074,Bredgränd,living_street,False,45.038,,,"LINESTRING (17.6422596 59.8581565, 17.641676 59.8578769)",312362,25812013,0
263934969,Bredgränd,living_street,False,87.94,,,"LINESTRING (17.6422596 59.8581565, 17.6433773 59.8587137)",312362,2189126164,0
263934971,Dragarbrunnsgatan,living_street,False,77.212,7,,"LINESTRING (17.6422596 59.8581565, 17.6431843 59.8576402)",312362,3067700668,0
263934971,Dragarbrunnsgatan,living_street,False,79.604,7,,"LINESTRING (17.6422596 59.8581565, 17.6413179 59.858694)",312362,25735125,0
263934971,Dragarbrunnsgatan,living_street,False,5.728,7,,"LINESTRING (17.6432529 59.8576019, 17.6431843 59.8576402)",312363,3067700668,0
263934973,Dragarbrunnsgatan,living_street,False,8.889,7,,"LINESTRING (17.6432529 59.8576019, 17.6433633 59.8575443)",312363,3067700665,0
263934972,Dragarbrunnsgatan,living_street,False,70.598,7,,"LINESTRING (17.6388803 59.8600592, 17.6397341 59.8595909)",25734896,25734898,0
263934972,Dragarbrunnsgatan,living_street,False,41.727,7,,"LINESTRING (17.6388803 59.8600592, 17.6383816 59.8603387)",25734896,6618718348,0
263934972,Dragarbrunnsgatan,living_street,False,45.787,7,,"LINESTRING (17.6397341 59.8595909, 17.6402813 59.8592842)",25734898,2821805698,0
263934972,Dragarbrunnsgatan,living_street,False,70.598,7,,"LINESTRING (17.6397341 59.8595909, 17.6388803 59.8600592)",25734898,25734896,0
263934972,Dragarbrunnsgatan,living_street,False,69.891,7,,"LINESTRING (17.6374633 59.8608535, 17.6382985 59.8603853)",25734899,600129194,0
263934970,Dragarbrunnsgatan,living_street,False,69.829,,,"LINESTRING (17.6413179 59.858694, 17.6404916 59.8591654)",25735125,2821805690,0
263934971,Dragarbrunnsgatan,living_street,False,79.604,7,,"LINESTRING (17.6413179 59.858694, 17.6422596 59.8581565)",25735125,312362,0
263934973,Dragarbrunnsgatan,living_street,False,38.972,7,,"LINESTRING (17.644382 59.8569759, 17.6448606 59.8567208)",25735257,3067700641,0
263934973,Dragarbrunnsgatan,living_street,False,85.03,7,,"LINESTRING (17.644382 59.8569759, 17.6433633 59.8575443)",25735257,3067700665,0
393182257,Vretgränd,living_street,False,68.26,,,"LINESTRING (17.644382 59.8569759, 17.6452991 59.8573818)",25735257,3963994985,0
4281074,Bredgränd,living_street,False,45.038,,,"LINESTRING (17.641676 59.8578769, 17.6422596 59.8581565)",25812013,312362,0
369683948,,living_street,False,7.52,,no,"LINESTRING (17.6312453 59.8669943, 17.6313115 59.8669354)",201084552,3734542384,0
431395422,Täljstensvägen,living_street,False,13.473,,,"LINESTRING (17.6146051 59.837785, 17.6143786 59.8377434)",244091537,1112852315,0
431395423,Täljstensvägen,living_street,False,10.466,,,"LINESTRING (17.6146051 59.837785, 17.6146008 59.8376909)",244091537,1112852128,0
431395422,Täljstensvägen,living_street,False,13.6,,,"LINESTRING (17.6141103 59.8376963, 17.6138939 59.8376403)",244091538,1109574082,0
431395422,Täljstensvägen,living_street,False,15.879,,,"LINESTRING (17.6141103 59.8376963, 17.6143786 59.8377434)",244091538,1112852315,0
431395422,Täljstensvägen,living_street,False,5.354,,,"LINESTRING (17.6137116 59.8375592, 17.6136705 59.8375157)",244091539,4305981708,0
431395422,Täljstensvägen,living_street,False,5.533,,,"LINESTRING (17.6137116 59.8375592, 17.613785 59.8375926)",244091539,1112852310,0
431395422,Täljstensvägen,living_street,False,7.192,,,"LINESTRING (17.6137797 59.8373471, 17.6139011 59.8373256)",244091540,1112852355,0
431395422,Täljstensvägen,living_street,False,4.973,,,"LINESTRING (17.6137797 59.8373471, 17.6137214 59.8373809)",244091540,4305981706,0
431395422,Täljstensvägen,living_street,False,6.161,,,"LINESTRING (17.6140371 59.8373304, 17.6141352 59.8373557)",244091541,1112852414,0
431395422,Täljstensvägen,living_street,False,7.617,,,"LINESTRING (17.6140371 59.8373304, 17.6139011 59.8373256)",244091541,1112852355,0
431395422,Täljstensvägen,living_street,False,9.476,,,"LINESTRING (17.6142861 59.8373946, 17.6141352 59.8373557)",244091542,1112852414,0
431395423,Täljstensvägen,living_street,False,14.914,,,"LINESTRING (17.6142861 59.8373946, 17.6144549 59.8374985)",244091542,1112852111,0
263934972,Dragarbrunnsgatan,living_street,False,2.296,7,,"LINESTRING (17.6382985 59.8603853, 17.6383259 59.8603699)",600129194,2602110244,0
263934972,Dragarbrunnsgatan,living_street,False,69.891,7,,"LINESTRING (17.6382985 59.8603853, 17.6374633 59.8608535)",600129194,25734899,0
225959757,,living_street,False,3.537,,yes,"LINESTRING (17.6319582 59.8664517, 17.6320178 59.8664625)",663658364,2339604419,0
225959757,,living_street,False,12.018,,yes,"LINESTRING (17.6319582 59.8664517, 17.6318936 59.8665548)",663658364,2339604442,0
225959757,,living_street,False,3.589,,yes,"LINESTRING (17.6317477 59.8666713, 17.6317669 59.8666405)",663658365,2339604455,0
225959757,,living_street,False,4.716,,yes,"LINESTRING (17.6317477 59.8666713, 17.6318283 59.866684)",663658365,2339604463,0
225959757,,living_street,False,8.289,,yes,"LINESTRING (17.6319893 59.8666756, 17.6318476 59.8666533)",663658366,2339604458,0
225959757,,living_street,False,9.907,,yes,"LINESTRING (17.6319893 59.8666756, 17.6319361 59.8667606)",663658366,663658367,0
225959757,,living_street,False,9.907,,yes,"LINESTRING (17.6319361 59.8667606, 17.6319893 59.8666756)",663658367,663658366,0
225959757,,living_street,False,5.623,,yes,"LINESTRING (17.6319361 59.8667606, 17.6319038 59.8668085)",663658367,2348045351,0
225959757,,living_street,False,10.169,,yes,"LINESTRING (17.6315296 59.8667474, 17.6317034 59.8667748)",663658368,2339604498,0
225959757,,living_street,False,5.608,,yes,"LINESTRING (17.6315296 59.8667474, 17.6314346 59.866731)",663658368,2348045345,0
225959757,,living_street,False,4.516,,yes,"LINESTRING (17.6306198 59.8666637, 17.6305427 59.8666514)",663658414,2339604459,0
225959757,,living_street,False,4.08,,yes,"LINESTRING (17.6306198 59.8666637, 17.6306899 59.8666741)",663658414,2348059553,0
225959760,,living_street,False,2.137,,yes,"LINESTRING (17.6307356 59.8665008, 17.6306991 59.866495)",663658419,2348059422,0
225959760,,living_street,False,1.284,,yes,"LINESTRING (17.6307356 59.8665008, 17.6307426 59.8664898)",663658419,663658420,0
225959760,,living_street,False,1.284,,yes,"LINESTRING (17.6307426 59.8664898, 17.6307356 59.8665008)",663658420,663658419,0
225959760,,living_street,False,2.411,,yes,"LINESTRING (17.6307426 59.8664898, 17.6307482 59.8664683)",663658420,2348059420,0
225959757,,living_street,False,9.571,,yes,"LINESTRING (17.632045 59.8662297, 17.6319935 59.8663118)",663979374,2339604385,0
225959757,,living_street,False,4.376,,yes,"LINESTRING (17.632045 59.8662297, 17.6320668 59.8661919)",663979374,2348059295,0
225959757,,living_street,False,7.825,,yes,"LINESTRING (17.6306918 59.8665678, 17.6308254 59.8665891)",663982799,663982801,0
225959757,,living_street,False,3.534,,yes,"LINESTRING (17.6306918 59.8665678, 17.6307109 59.8665375)",663982799,2339604436,0
225959757,,living_street,False,8.377,,yes,"LINESTRING (17.6308254 59.8665891, 17.6309685 59.8666118)",663982801,2339604452,0
225959757,,living_street,False,7.825,,yes,"LINESTRING (17.6308254 59.8665891, 17.6306918 59.8665678)",663982801,663982799,0
431395422,Täljstensvägen,living_street,False,4.736,,,"LINESTRING (17.6136731 59.8374159, 17.6137214 59.8373809)",1109574003,4305981706,0
431395422,Täljstensvägen,living_street,False,5.158,,,"LINESTRING (17.6136731 59.8374159, 17.6136597 59.8374618)",1109574003,4305981707,0
431395422,Täljstensvägen,living_street,False,8.072,,,"LINESTRING (17.6138939 59.8376403, 17.613785 59.8375926)",1109574082,1112852310,0
431395422,Täljstensvägen,living_street,False,13.6,,,"LINESTRING (17.6138939 59.8376403, 17.6141103 59.8376963)",1109574082,244091538,0
431395423,Täljstensvägen,living_street,False,14.289,,,"LINESTRING (17.6144549 59.8374985, 17.6145464 59.8376185)",1112852111,1112852420,0
431395423,Täljstensvägen,living_street,False,14.914,,,"LINESTRING (17.6144549 59.8374985, 17.6142861 59.8373946)",1112852111,244091542,0
431395423,Täljstensvägen,living_street,False,10.466,,,"LINESTRING (17.6146008 59.8376909, 17.6146051 59.837785)",1112852128,244091537,0
431395423,Täljstensvägen,living_street,False,8.605,,,"LINESTRING (17.6146008 59.8376909, 17.6145464 59.8376185)",1112852128,1112852420,0
431395422,Täljstensvägen,living_street,False,5.533,,,"LINESTRING (17.613785 59.8375926, 17.6137116 59.8375592)",1112852310,244091539,0
431395422,Täljstensvägen,living_street,False,8.072,,,"LINESTRING (17.613785 59.8375926, 17.6138939 59.8376403)",1112852310,1109574082,0
431395422,Täljstensvägen,living_street,False,15.879,,,"LINESTRING (17.6143786 59.8377434, 17.6141103 59.8376963)",1112852315,244091538,0
431395422,Täljstensvägen,living_street,False,13.473,,,"LINESTRING (17.6143786 59.8377434, 17.6146051 59.837785)",1112852315,244091537,0
431395422,Täljstensvägen,living_street,False,7.617,,,"LINESTRING (17.6139011 59.8373256, 17.6140371 59.8373304)",1112852355,244091541,0
431395422,Täljstensvägen,living_street,False,7.192,,,"LINESTRING (17.6139011 59.8373256, 17.6137797 59.8373471)",1112852355,244091540,0
431395422,Täljstensvägen,living_street,False,9.476,,,"LINESTRING (17.6141352 59.8373557, 17.6142861 59.8373946)",1112852414,244091542,0
431395422,Täljstensvägen,living_street,False,6.161,,,"LINESTRING (17.6141352 59.8373557, 17.6140371 59.8373304)",1112852414,244091541,0
431395423,Täljstensvägen,living_street,False,8.605,,,"LINESTRING (17.6145464 59.8376185, 17.6146008 59.8376909)",1112852420,1112852128,0
431395423,Täljstensvägen,living_street,False,14.289,,,"LINESTRING (17.6145464 59.8376185, 17.6144549 59.8374985)",1112852420,1112852111,0
377430725,Svartbäcksgatan,living_street,False,5.502,30,,"LINESTRING (17.6267273 59.8680722, 17.6267877 59.8681113)",2177710687,2177710689,0
377430725,Svartbäcksgatan,living_street,False,34.561,30,,"LINESTRING (17.6267273 59.8680722, 17.626133 59.867985)",2177710687,2809859640,0
377430725,Svartbäcksgatan,living_street,False,5.502,30,,"LINESTRING (17.6267877 59.8681113, 17.6267273 59.8680722)",2177710689,2177710687,0
263934969,Bredgränd,living_street,False,9.117,,,"LINESTRING (17.6433773 59.8587137, 17.6434931 59.8587715)",2189126164,312361,0
263934969,Bredgränd,living_street,False,87.94,,,"LINESTRING (17.6433773 59.8587137, 17.6422596 59.8581565)",2189126164,312362,0
209254440,,living_street,False,16.446,30,,"LINESTRING (17.6274818 59.8677014, 17.6273424 59.8675711)",2194787925,2809859637,0
209254440,,living_street,False,10.392,30,,"LINESTRING (17.6274818 59.8677014, 17.6274394 59.8677924)",2194787925,2809859639,0
209254440,,living_street,False,12.834,30,,"LINESTRING (17.6274826 59.8669285, 17.627547 59.8670393)",2194787927,2194787931,0
209254440,,living_street,False,8.213,30,,"LINESTRING (17.6273003 59.8674905, 17.6273387 59.8674192)",2194787928,3268175965,0
209254440,,living_street,False,9.265,30,,"LINESTRING (17.6273003 59.8674905, 17.6273424 59.8675711)",2194787928,2809859637,0
209254440,,living_street,False,12.834,30,,"LINESTRING (17.627547 59.8670393, 17.6274826 59.8669285)",2194787931,2194787927,0
209254440,,living_street,False,7.304,30,,"LINESTRING (17.627547 59.8670393, 17.6275093 59.8671022)",2194787931,3268175969,0
225959759,,living_street,False,6.949,,yes,"LINESTRING (17.6329741 59.8657504, 17.6330321 59.8658057)",2339604271,2339604279,0
225959759,,living_street,False,3.149,,yes,"LINESTRING (17.6329741 59.8657504, 17.632933 59.8657698)",2339604271,2339604272,0
225959759,,living_street,False,3.149,,yes,"LINESTRING (17.632933 59.8657698, 17.6329741 59.8657504)",2339604272,2339604271,0
225959759,,living_street,False,6.449,,yes,"LINESTRING (17.632933 59.8657698, 17.6329898 59.8658203)",2339604272,2339604281,0
225959759,,living_street,False,4.717,,yes,"LINESTRING (17.6330321 59.8658057, 17.6330847 59.8658389)",2339604279,2348059016,0
225959759,,living_street,False,6.949,,yes,"LINESTRING (17.6330321 59.8658057, 17.6329741 59.8657504)",2339604279,2339604271,0
225959757,,living_street,False,3.156,,yes,"LINESTRING (17.6329898 59.8658203, 17.6330158 59.8658455)",2339604281,2348059017,0
225959759,,living_street,False,3.156,,yes,"LINESTRING (17.6329898 59.8658203, 17.6330158 59.8658455)",2339604281,2348059017,1
225959757,,living_street,False,2.304,,yes,"LINESTRING (17.6329898 59.8658203, 17.6329716 59.8658389)",2339604281,2348059015,0
225959759,,living_street,False,6.449,,yes,"LINESTRING (17.6329898 59.8658203, 17.632933 59.8657698)",2339604281,2339604272,0
225959757,,living_street,False,6.43,,yes,"LINESTRING (17.6319285 59.8660173, 17.6319759 59.86607)",2339604319,2339604333,0
225959757,,living_street,False,7.173,,yes,"LINESTRING (17.6319285 59.8660173, 17.6318 59.8660177)",2339604319,2339604320,0
225959757,,living_street,False,7.173,,yes,"LINESTRING (17.6318 59.8660177, 17.6319285 59.8660173)",2339604320,2339604319,0
225959757,,living_street,False,5.696,,yes,"LINESTRING (17.6318 59.8660177, 17.6318406 59.8660647)",2339604320,2339604326,0
225959757,,living_street,False,1.069,,yes,"LINESTRING (17.6318582 59.8660609, 17.6318406 59.8660647)",2339604321,2339604326,0
225959757,,living_street,False,6.653,,yes,"LINESTRING (17.6318582 59.8660609, 17.6319056 59.8661158)",2339604321,2339897716,0
225959759,,living_street,False,4.04,,yes,"LINESTRING (17.6332677 59.8660452, 17.6333368 59.866056)",2339604324,2339604329,0
225959759,,living_street,False,3.105,,yes,"LINESTRING (17.6332677 59.8660452, 17.6332306 59.866066)",2339604324,2348059058,0
225959757,,living_street,False,5.696,,yes,"LINESTRING (17.6318406 59.8660647, 17.6318 59.8660177)",2339604326,2339604320,0
225959757,,living_street,False,1.069,,yes,"LINESTRING (17.6318406 59.8660647, 17.6318582 59.8660609)",2339604326,2339604321,0
225959757,,living_street,False,2.365,,yes,"LINESTRING (17.6317991 59.8661158, 17.631816 59.8661353)",2339604328,2339604331,0
225959757,,living_street,False,1.264,,yes,"LINESTRING (17.6317991 59.8661158, 17.6317783 59.8661203)",2339604328,2339604347,0
225959759,,living_street,False,3.328,,yes,"LINESTRING (17.6333368 59.866056, 17.6333192 59.8660846)",2339604329,2339604338,0
225959759,,living_street,False,4.04,,yes,"LINESTRING (17.6333368 59.866056, 17.6332677 59.8660452)",2339604329,2339604324,0
225959757,,living_street,False,5.451,,yes,"LINESTRING (17.631816 59.8661353, 17.6319056 59.8661158)",2339604331,2339897716,0
225959757,,living_street,False,2.365,,yes,"LINESTRING (17.631816 59.8661353, 17.6317991 59.8661158)",2339604331,2339604328,0
225959757,,living_street,False,7.023,,yes,"LINESTRING (17.6319759 59.86607, 17.632052 59.8661203)",2339604333,2348059283,0
225959757,,living_street,False,6.43,,yes,"LINESTRING (17.6319759 59.86607, 17.6319285 59.8660173)",2339604333,2339604319,0
225959759,,living_street,False,2.701,,yes,"LINESTRING (17.6332991 59.8660814, 17.6332568 59.8660932)",2339604337,2348059062,0
225959759,,living_street,False,1.177,,yes,"LINESTRING (17.6332991 59.8660814, 17.6333192 59.8660846)",2339604337,2339604338,0
225959759,,living_street,False,1.177,,yes,"LINESTRING (17.6333192 59.8660846, 17.6332991 59.8660814)",2339604338,2339604337,0
225959759,,living_street,False,3.328,,yes,"LINESTRING (17.6333192 59.8660846, 17.6333368 59.866056)",2339604338,2339604329,0
225959757,,living_street,False,11.643,,yes,"LINESTRING (17.6315679 59.8661399, 17.6317593 59.8660983)",2339604341,2339604356,0
225959757,,living_street,False,7.319,,yes,"LINESTRING (17.6315679 59.8661399, 17.6315158 59.8660795)",2339604341,2339604349,0
225959757,,living_street,False,4.37,,yes,"LINESTRING (17.6315283 59.8661183, 17.6315158 59.8660795)",2339604343,2339604349,0
225959757,,living_street,False,5.78,,yes,"LINESTRING (17.6315283 59.8661183, 17.6315605 59.8661677)",2339604343,2339604355,0
225959757,,living_street,False,1.264,,yes,"LINESTRING (17.6317783 59.8661203, 17.6317991 59.8661158)",2339604347,2339604328,0
225959757,,living_street,False,2.666,,yes,"LINESTRING (17.6317783 59.8661203, 17.6317593 59.8660983)",2339604347,2339604356,0
225959759,,living_street,False,4.386,,yes,"LINESTRING (17.6331976 59.8661341, 17.6332043 59.8660948)",2339604348,2348059064,0
225959759,,living_street,False,3.83,,yes,"LINESTRING (17.6331976 59.8661341, 17.6331773 59.866167)",2339604348,2339604357,0
225959757,,living_street,False,7.319,,yes,"LINESTRING (17.6315158 59.8660795, 17.6315679 59.8661399)",2339604349,2339604341,0
225959757,,living_street,False,4.37,,yes,"LINESTRING (17.6315158 59.8660795, 17.6315283 59.8661183)",2339604349,2339604343,0
225959759,,living_street,False,1.133,,yes,"LINESTRING (17.6332582 59.8661477, 17.6332776 59.8661507)",2339604353,2339604354,0
225959759,,living_street,False,1.866,,yes,"LINESTRING (17.6332582 59.8661477, 17.6332404 59.8661335)",2339604353,2348059288,0
225959759,,living_street,False,3.387,,yes,"LINESTRING (17.6332776 59.8661507, 17.6332597 59.8661798)",2339604354,2339604359,0
225959759,,living_street,False,1.133,,yes,"LINESTRING (17.6332776 59.8661507, 17.6332582 59.8661477)",2339604354,2339604353,0
225959757,,living_street,False,5.78,,yes,"LINESTRING (17.6315605 59.8661677, 17.6315283 59.8661183)",2339604355,2339604343,0
225959757,,living_street,False,1.458,,yes,"LINESTRING (17.6315605 59.8661677, 17.6315865 59.8661689)",2339604355,2348059294,0
225959757,,living_street,False,2.666,,yes,"LINESTRING (17.6317593 59.8660983, 17.6317783 59.8661203)",2339604356,2339604347,0
225959757,,living_street,False,11.643,,yes,"LINESTRING (17.6317593 59.8660983, 17.6315679 59.8661399)",2339604356,2339604341,0
225959759,,living_street,False,3.83,,yes,"LINESTRING (17.6331773 59.866167, 17.6331976 59.8661341)",2339604357,2339604348,0
225959759,,living_street,False,4.815,,yes,"LINESTRING (17.6331773 59.866167, 17.6332597 59.8661798)",2339604357,2339604359,0
225959759,,living_street,False,4.815,,yes,"LINESTRING (17.6332597 59.8661798, 17.6331773 59.866167)",2339604359,2339604357,0
225959759,,living_street,False,3.387,,yes,"LINESTRING (17.6332597 59.8661798, 17.6332776 59.8661507)",2339604359,2339604354,0
225959760,,living_street,False,5.781,,yes,"LINESTRING (17.6308207 59.8662346, 17.630853 59.866284)",2339604365,2339604374,0
225959760,,living_street,False,1.821,,yes,"LINESTRING (17.6308207 59.8662346, 17.6307885 59.8662372)",2339604365,2339604370,0
225959760,,living_street,False,1.821,,yes,"LINESTRING (17.6307885 59.8662372, 17.6308207 59.8662346)",2339604370,2339604365,0
225959760,,living_street,False,5.684,,yes,"LINESTRING (17.6307885 59.8662372, 17.6308168 59.8662863)",2339604370,2339604376,0
225959760,,living_street,False,3.223,,yes,"LINESTRING (17.630853 59.866284, 17.6309048 59.8662968)",2339604374,2348059307,0
225959760,,living_street,False,5.781,,yes,"LINESTRING (17.630853 59.866284, 17.6308207 59.8662346)",2339604374,2339604365,0
225959760,,living_street,False,5.684,,yes,"LINESTRING (17.6308168 59.8662863, 17.6307885 59.8662372)",2339604376,2339604370,0
225959760,,living_street,False,4.309,,yes,"LINESTRING (17.6308168 59.8662863, 17.6308556 59.8663198)",2339604376,2348059313,0
225959757,,living_street,False,1.961,,yes,"LINESTRING (17.6317783 59.8663108, 17.6317468 59.866303)",2339604381,2348045331,0
225959757,,living_street,False,7.951,,yes,"LINESTRING (17.6317783 59.8663108, 17.6319142 59.8663322)",2339604381,2339604389,0
225959757,,living_street,False,4.974,,yes,"LINESTRING (17.6319935 59.8663118, 17.6319142 59.8663322)",2339604385,2339604389,0
225959757,,living_street,False,9.571,,yes,"LINESTRING (17.6319935 59.8663118, 17.632045 59.8662297)",2339604385,663979374,0
225959757,,living_street,False,5.072,,yes,"LINESTRING (17.631574 59.8663592, 17.6315948 59.8663148)",2339604387,2348059311,0
225959757,,living_street,False,1.917,,yes,"LINESTRING (17.631574 59.8663592, 17.6315783 59.8663763)",2339604387,2348059330,0
225959757,,living_street,False,7.951,,yes,"LINESTRING (17.6319142 59.8663322, 17.6317783 59.8663108)",2339604389,2339604381,0
225959757,,living_street,False,4.974,,yes,"LINESTRING (17.6319142 59.8663322, 17.6319935 59.8663118)",2339604389,2339604385,0
225959760,,living_street,False,4.407,,yes,"LINESTRING (17.6310799 59.8664356, 17.6311552 59.8664475)",2339604411,2339604413,0
225959760,,living_street,False,1.681,,yes,"LINESTRING (17.6310799 59.8664356, 17.6310506 59.8664321)",2339604411,2348059410,0
225959760,,living_street,False,3.58,,yes,"LINESTRING (17.6311552 59.8664475, 17.6311359 59.8664782)",2339604413,2339604425,0
225959760,,living_street,False,4.407,,yes,"LINESTRING (17.6311552 59.8664475, 17.6310799 59.8664356)",2339604413,2339604411,0
225959757,,living_street,False,4.157,,yes,"LINESTRING (17.6320178 59.8664625, 17.6320455 59.8664972)",2339604419,2348059424,0
225959757,,living_street,False,3.537,,yes,"LINESTRING (17.6320178 59.8664625, 17.6319582 59.8664517)",2339604419,663658364,0
225959760,,living_street,False,7.8,,yes,"LINESTRING (17.6311177 59.8664753, 17.6310039 59.8664346)",2339604424,2348059412,0
225959760,,living_street,False,1.066,,yes,"LINESTRING (17.6311177 59.8664753, 17.6311359 59.8664782)",2339604424,2339604425,0
225959760,,living_street,False,1.066,,yes,"LINESTRING (17.6311359 59.8664782, 17.6311177 59.8664753)",2339604425,2339604424,0
225959760,,living_street,False,3.58,,yes,"LINESTRING (17.6311359 59.8664782, 17.6311552 59.8664475)",2339604425,2339604413,0
225959757,,living_street,False,4.82,,yes,"LINESTRING (17.6306286 59.8665244, 17.6307109 59.8665375)",2339604434,2339604436,0
225959757,,living_street,False,3.534,,yes,"LINESTRING (17.6306286 59.8665244, 17.6306095 59.8665547)",2339604434,2339604443,0
225959757,,living_street,False,3.534,,yes,"LINESTRING (17.6307109 59.8665375, 17.6306918 59.8665678)",2339604436,663982799,0
225959757,,living_street,False,4.82,,yes,"LINESTRING (17.6307109 59.8665375, 17.6306286 59.8665244)",2339604436,2339604434,0
225959757,,living_street,False,4.398,,yes,"LINESTRING (17.6318184 59.866543, 17.6318936 59.8665548)",2339604439,2339604442,0
225959757,,living_street,False,3.228,,yes,"LINESTRING (17.6318184 59.866543, 17.6318011 59.8665707)",2339604439,2339604446,0
225959757,,living_street,False,12.018,,yes,"LINESTRING (17.6318936 59.8665548, 17.6319582 59.8664517)",2339604442,663658364,0
225959757,,living_street,False,4.398,,yes,"LINESTRING (17.6318936 59.8665548, 17.6318184 59.866543)",2339604442,2339604439,0
225959757,,living_street,False,3.534,,yes,"LINESTRING (17.6306095 59.8665547, 17.6306286 59.8665244)",2339604443,2339604434,0
225959757,,living_street,False,0.919,,yes,"LINESTRING (17.6306095 59.8665547, 17.6306252 59.8665572)",2339604443,2339604444,0
225959757,,living_street,False,0.919,,yes,"LINESTRING (17.6306252 59.8665572, 17.6306095 59.8665547)",2339604444,2339604443,0
225959757,,living_street,False,7.664,,yes,"LINESTRING (17.6306252 59.8665572, 17.6305837 59.8666229)",2339604444,2339604454,0
225959757,,living_street,False,3.228,,yes,"LINESTRING (17.6318011 59.8665707, 17.6318184 59.866543)",2339604446,2339604439,0
225959757,,living_street,False,1.608,,yes,"LINESTRING (17.6318011 59.8665707, 17.6318286 59.866575)",2339604446,2339604448,0
225959757,,living_street,False,1.608,,yes,"LINESTRING (17.6318286 59.866575, 17.6318011 59.8665707)",2339604448,2339604446,0
225959757,,living_street,False,7.984,,yes,"LINESTRING (17.6318286 59.866575, 17.6317857 59.8666435)",2339604448,2339604456,0
225959757,,living_street,False,3.351,,yes,"LINESTRING (17.6309762 59.8665996, 17.6310335 59.8666086)",2339604450,2339604451,0
225959757,,living_street,False,1.423,,yes,"LINESTRING (17.6309762 59.8665996, 17.6309685 59.8666118)",2339604450,2339604452,0
225959757,,living_street,False,7.94,,yes,"LINESTRING (17.6310335 59.8666086, 17.6309907 59.8666767)",2339604451,2339604461,0
225959757,,living_street,False,3.351,,yes,"LINESTRING (17.6310335 59.8666086, 17.6309762 59.8665996)",2339604451,2339604450,0
225959757,,living_street,False,1.423,,yes,"LINESTRING (17.6309685 59.8666118, 17.6309762 59.8665996)",2339604452,2339604450,0
225959757,,living_street,False,8.377,,yes,"LINESTRING (17.6309685 59.8666118, 17.6308254 59.8665891)",2339604452,663982801,0
225959757,,living_street,False,1.223,,yes,"LINESTRING (17.6305628 59.8666196, 17.6305837 59.8666229)",2339604453,2339604454,0
225959757,,living_street,False,3.71,,yes,"LINESTRING (17.6305628 59.8666196, 17.6305427 59.8666514)",2339604453,2339604459,0
225959757,,living_street,False,7.664,,yes,"LINESTRING (17.6305837 59.8666229, 17.6306252 59.8665572)",2339604454,2339604444,0
225959757,,living_street,False,1.223,,yes,"LINESTRING (17.6305837 59.8666229, 17.6305628 59.8666196)",2339604454,2339604453,0
225959757,,living_street,False,1.101,,yes,"LINESTRING (17.6317669 59.8666405, 17.6317857 59.8666435)",2339604455,2339604456,0
225959757,,living_street,False,3.589,,yes,"LINESTRING (17.6317669 59.8666405, 17.6317477 59.8666713)",2339604455,663658365,0
225959757,,living_street,False,7.984,,yes,"LINESTRING (17.6317857 59.8666435, 17.6318286 59.866575)",2339604456,2339604448,0
225959757,,living_street,False,1.101,,yes,"LINESTRING (17.6317857 59.8666435, 17.6317669 59.8666405)",2339604456,2339604455,0
225959757,,living_street,False,3.58,,yes,"LINESTRING (17.6318476 59.8666533, 17.6318283 59.866684)",2339604458,2339604463,0
225959757,,living_street,False,8.289,,yes,"LINESTRING (17.6318476 59.8666533, 17.6319893 59.8666756)",2339604458,663658366,0
225959757,,living_street,False,3.71,,yes,"LINESTRING (17.6305427 59.8666514, 17.6305628 59.8666196)",2339604459,2339604453,0
225959757,,living_street,False,4.516,,yes,"LINESTRING (17.6305427 59.8666514, 17.6306198 59.8666637)",2339604459,663658414,0
225959757,,living_street,False,2.275,,yes,"LINESTRING (17.6309907 59.8666767, 17.6310296 59.8666828)",2339604461,2339604462,0
225959757,,living_street,False,7.94,,yes,"LINESTRING (17.6309907 59.8666767, 17.6310335 59.8666086)",2339604461,2339604451,0
225959757,,living_street,False,2.517,,yes,"LINESTRING (17.6310296 59.8666828, 17.6310161 59.8667044)",2339604462,2348045342,0
225959757,,living_street,False,2.275,,yes,"LINESTRING (17.6310296 59.8666828, 17.6309907 59.8666767)",2339604462,2339604461,0
225959757,,living_street,False,4.716,,yes,"LINESTRING (17.6318283 59.866684, 17.6317477 59.8666713)",2339604463,663658365,0
225959757,,living_street,False,3.58,,yes,"LINESTRING (17.6318283 59.866684, 17.6318476 59.8666533)",2339604463,2339604458,0
225959757,,living_street,False,3.905,,yes,"LINESTRING (17.6310962 59.8666933, 17.6311629 59.8667039)",2339604465,2339604467,0
225959757,,living_street,False,2.519,,yes,"LINESTRING (17.6310962 59.8666933, 17.6310826 59.8667149)",2339604465,2348045344,0
225959757,,living_street,False,11.549,,yes,"LINESTRING (17.6311629 59.8667039, 17.6313603 59.866735)",2339604467,2348059563,0
225959757,,living_street,False,3.905,,yes,"LINESTRING (17.6311629 59.8667039, 17.6310962 59.8666933)",2339604467,2339604465,0
225959757,,living_street,False,3.124,,yes,"LINESTRING (17.6324086 59.8667323, 17.632462 59.8667407)",2339604485,2339604489,0
225959757,,living_street,False,4.892,,yes,"LINESTRING (17.6324086 59.8667323, 17.632329 59.8667507)",2339604485,2348059567,0
225959757,,living_street,False,4.848,,yes,"LINESTRING (17.632462 59.8667407, 17.632436 59.8667823)",2339604489,2339604499,0
225959757,,living_street,False,3.124,,yes,"LINESTRING (17.632462 59.8667407, 17.6324086 59.8667323)",2339604489,2339604485,0
225959757,,living_street,False,2.437,,yes,"LINESTRING (17.6323826 59.8667738, 17.6323405 59.866768)",2339604496,2348059569,0
225959757,,living_street,False,3.127,,yes,"LINESTRING (17.6323826 59.8667738, 17.632436 59.8667823)",2339604496,2339604499,0
225959757,,living_street,False,11.798,,yes,"LINESTRING (17.6317034 59.8667748, 17.6319038 59.8668085)",2339604498,2348045351,0
225959757,,living_street,False,10.169,,yes,"LINESTRING (17.6317034 59.8667748, 17.6315296 59.8667474)",2339604498,663658368,0
225959757,,living_street,False,3.127,,yes,"LINESTRING (17.632436 59.8667823, 17.6323826 59.8667738)",2339604499,2339604496,0
225959757,,living_street,False,4.848,,yes,"LINESTRING (17.632436 59.8667823, 17.632462 59.8667407)",2339604499,2339604489,0
225959757,,living_street,False,6.699,,yes,"LINESTRING (17.6315636 59.8668126, 17.6314504 59.8667926)",2339604510,2348059573,0
225959757,,living_street,False,2.411,,yes,"LINESTRING (17.6315636 59.8668126, 17.6316048 59.8668191)",2339604510,2339604512,0
225959757,,living_street,False,2.411,,yes,"LINESTRING (17.6316048 59.8668191, 17.6315636 59.8668126)",2339604512,2339604510,0
225959757,,living_street,False,3.87,,yes,"LINESTRING (17.6316048 59.8668191, 17.631584 59.8668523)",2339604512,2339604523,0
225959757,,living_street,False,5.655,,yes,"LINESTRING (17.6317541 59.8668346, 17.6316685 59.8668074)",2339604515,2348059581,0
225959757,,living_street,False,2.664,,yes,"LINESTRING (17.6317541 59.8668346, 17.6318003 59.8668406)",2339604515,2339604516,0
225959757,,living_street,False,2.664,,yes,"LINESTRING (17.6318003 59.8668406, 17.6317541 59.8668346)",2339604516,2339604515,0
225959757,,living_street,False,3.551,,yes,"LINESTRING (17.6318003 59.8668406, 17.6318438 59.8668173)",2339604516,2348059587,0
225959757,,living_street,False,3.87,,yes,"LINESTRING (17.631584 59.8668523, 17.6316048 59.8668191)",2339604523,2339604512,0
225959757,,living_street,False,1.038,,yes,"LINESTRING (17.631584 59.8668523, 17.6315784 59.8668612)",2339604523,2339604527,0
225959757,,living_street,False,1.038,,yes,"LINESTRING (17.6315784 59.8668612, 17.631584 59.8668523)",2339604527,2339604523,0
225959757,,living_street,False,2.248,,yes,"LINESTRING (17.6315784 59.8668612, 17.6316168 59.8668673)",2339604527,2348059648,0
225959757,,living_street,False,2.471,,yes,"LINESTRING (17.6320826 59.8669061, 17.6321248 59.8669128)",2339604532,2348045353,0
225959757,,living_street,False,4.396,,yes,"LINESTRING (17.6320826 59.8669061, 17.6320589 59.8669438)",2339604532,2339604552,0
225959757,,living_street,False,3.102,,yes,"LINESTRING (17.6322801 59.8669373, 17.6323331 59.8669457)",2339604547,2339604554,0
225959757,,living_street,False,4.531,,yes,"LINESTRING (17.6322801 59.8669373, 17.6322241 59.8669078)",2339604547,2348059654,0
225959757,,living_street,False,0.63,,yes,"LINESTRING (17.6321226 59.8669479, 17.6321192 59.8669533)",2339604549,2339604556,0
225959757,,living_street,False,8.035,,yes,"LINESTRING (17.6321226 59.8669479, 17.6322599 59.8669696)",2339604549,2339604562,0
225959757,,living_street,False,4.396,,yes,"LINESTRING (17.6320589 59.8669438, 17.6320826 59.8669061)",2339604552,2339604532,0
225959757,,living_street,False,3.528,,yes,"LINESTRING (17.6320589 59.8669438, 17.6321192 59.8669533)",2339604552,2339604556,0
225959757,,living_street,False,4.394,,yes,"LINESTRING (17.6323331 59.8669457, 17.6323095 59.8669834)",2339604554,2339604591,0
225959757,,living_street,False,3.102,,yes,"LINESTRING (17.6323331 59.8669457, 17.6322801 59.8669373)",2339604554,2339604547,0
225959757,,living_street,False,3.528,,yes,"LINESTRING (17.6321192 59.8669533, 17.6320589 59.8669438)",2339604556,2339604552,0
225959757,,living_street,False,0.63,,yes,"LINESTRING (17.6321192 59.8669533, 17.6321226 59.8669479)",2339604556,2339604549,0
225959757,,living_street,False,2.43,,yes,"LINESTRING (17.6323999 59.8669562, 17.6324414 59.8669628)",2339604558,2339604560,0
225959757,,living_street,False,4.396,,yes,"LINESTRING (17.6323999 59.8669562, 17.6323762 59.8669939)",2339604558,2339604574,0
225959757,,living_street,False,6.268,,yes,"LINESTRING (17.6324414 59.8669628, 17.6324962 59.8669136)",2339604560,2348059657,0
225959757,,living_street,False,2.43,,yes,"LINESTRING (17.6324414 59.8669628, 17.6323999 59.8669562)",2339604560,2339604558,0
225959757,,living_street,False,8.035,,yes,"LINESTRING (17.6322599 59.8669696, 17.6321226 59.8669479)",2339604562,2339604549,0
225959757,,living_street,False,0.63,,yes,"LINESTRING (17.6322599 59.8669696, 17.6322565 59.866975)",2339604562,2339604571,0
225959757,,living_street,False,0.63,,yes,"LINESTRING (17.6322565 59.866975, 17.6322599 59.8669696)",2339604571,2339604562,0
225959757,,living_street,False,3.102,,yes,"LINESTRING (17.6322565 59.866975, 17.6323095 59.8669834)",2339604571,2339604591,0
225959757,,living_street,False,4.396,,yes,"LINESTRING (17.6323762 59.8669939, 17.6323999 59.8669562)",2339604574,2339604558,0
225959757,,living_street,False,4.765,,yes,"LINESTRING (17.6323762 59.8669939, 17.6324576 59.8670068)",2339604574,2339604593,0
225959757,,living_street,False,3.102,,yes,"LINESTRING (17.6323095 59.8669834, 17.6322565 59.866975)",2339604591,2339604571,0
225959757,,living_street,False,4.394,,yes,"LINESTRING (17.6323095 59.8669834, 17.6323331 59.8669457)",2339604591,2339604554,0
225959757,,living_street,False,4.765,,yes,"LINESTRING (17.6324576 59.8670068, 17.6323762 59.8669939)",2339604593,2339604574,0
225959757,,living_street,False,9.746,,yes,"LINESTRING (17.6324576 59.8670068, 17.6325208 59.8669251)",2339604593,2348059659,0
225959757,,living_street,False,6.653,,yes,"LINESTRING (17.6319056 59.8661158, 17.6318582 59.8660609)",2339897716,2339604321,0
225959757,,living_street,False,5.451,,yes,"LINESTRING (17.6319056 59.8661158, 17.631816 59.8661353)",2339897716,2339604331,0
225959757,,living_street,False,9.394,,yes,"LINESTRING (17.6317468 59.866303, 17.631699 59.866384)",2348045331,2348045338,0
225959757,,living_street,False,1.961,,yes,"LINESTRING (17.6317468 59.866303, 17.6317783 59.8663108)",2348045331,2339604381,0
225959757,,living_street,False,41.191,,yes,"LINESTRING (17.6316441 59.8663758, 17.6314346 59.866731)",2348045336,2348045345,0
225959757,,living_street,False,3.197,,yes,"LINESTRING (17.6316441 59.8663758, 17.631699 59.866384)",2348045336,2348045338,0
225959757,,living_street,False,3.197,,yes,"LINESTRING (17.631699 59.866384, 17.6316441 59.8663758)",2348045338,2348045336,0
225959757,,living_street,False,9.394,,yes,"LINESTRING (17.631699 59.866384, 17.6317468 59.866303)",2348045338,2348045331,0
225959757,,living_street,False,3.891,,yes,"LINESTRING (17.6310161 59.8667044, 17.6310826 59.8667149)",2348045342,2348045344,0
225959757,,living_street,False,2.517,,yes,"LINESTRING (17.6310161 59.8667044, 17.6310296 59.8666828)",2348045342,2339604462,0
225959757,,living_street,False,2.519,,yes,"LINESTRING (17.6310826 59.8667149, 17.6310962 59.8666933)",2348045344,2339604465,0
225959757,,living_street,False,3.891,,yes,"LINESTRING (17.6310826 59.8667149, 17.6310161 59.8667044)",2348045344,2348045342,0
225959757,,living_street,False,5.608,,yes,"LINESTRING (17.6314346 59.866731, 17.6315296 59.8667474)",2348045345,663658368,0
225959757,,living_street,False,41.191,,yes,"LINESTRING (17.6314346 59.866731, 17.6316441 59.8663758)",2348045345,2348045336,0
225959757,,living_street,False,20.711,,yes,"LINESTRING (17.6310756 59.866744, 17.6307227 59.8666865)",2348045347,2348059555,0
225959757,,living_street,False,2.208,,yes,"LINESTRING (17.6310756 59.866744, 17.6311133 59.86675)",2348045347,2348045349,0
225959757,,living_street,False,2.208,,yes,"LINESTRING (17.6311133 59.86675, 17.6310756 59.866744)",2348045349,2348045347,0
225959757,,living_street,False,10.341,,yes,"LINESTRING (17.6311133 59.86675, 17.6312915 59.8667754)",2348045349,2348059571,0
225959757,,living_street,False,5.623,,yes,"LINESTRING (17.6319038 59.8668085, 17.6319361 59.8667606)",2348045351,663658367,0
225959757,,living_street,False,11.798,,yes,"LINESTRING (17.6319038 59.8668085, 17.6317034 59.8667748)",2348045351,2339604498,0
225959757,,living_street,False,2.57,,yes,"LINESTRING (17.6321248 59.8669128, 17.6321422 59.8668914)",2348045353,2348059651,0
225959757,,living_street,False,2.471,,yes,"LINESTRING (17.6321248 59.8669128, 17.6320826 59.8669061)",2348045353,2339604532,0
225959757,,living_street,False,2.304,,yes,"LINESTRING (17.6329716 59.8658389, 17.6329898 59.8658203)",2348059015,2339604281,0
225959757,,living_street,False,8.349,,yes,"LINESTRING (17.6329716 59.8658389, 17.6328683 59.8658932)",2348059015,2348059020,0
225959759,,living_street,False,10.921,,yes,"LINESTRING (17.6330847 59.8658389, 17.633242 59.8658973)",2348059016,2348059021,0
225959759,,living_street,False,4.717,,yes,"LINESTRING (17.6330847 59.8658389, 17.6330321 59.8658057)",2348059016,2339604279,0
225959757,,living_street,False,7.103,,yes,"LINESTRING (17.6330158 59.8658455, 17.6329158 59.865885)",2348059017,2348059019,0
225959757,,living_street,False,3.156,,yes,"LINESTRING (17.6330158 59.8658455, 17.6329898 59.8658203)",2348059017,2339604281,0
225959759,,living_street,False,3.156,,yes,"LINESTRING (17.6330158 59.8658455, 17.6329898 59.8658203)",2348059017,2339604281,1
225959759,,living_street,False,6.84,,yes,"LINESTRING (17.6330158 59.8658455, 17.6331273 59.865871)",2348059017,2348059018,0
225959759,,living_street,False,6.84,,yes,"LINESTRING (17.6331273 59.865871, 17.6330158 59.8658455)",2348059018,2348059017,0
225959759,,living_street,False,7.639,,yes,"LINESTRING (17.6331273 59.865871, 17.6332224 59.8659204)",2348059018,2348059023,0
225959757,,living_street,False,6.88,,yes,"LINESTRING (17.6329158 59.865885, 17.6328634 59.865941)",2348059019,2348059026,0
225959757,,living_street,False,7.103,,yes,"LINESTRING (17.6329158 59.865885, 17.6330158 59.8658455)",2348059019,2348059017,0
225959757,,living_street,False,8.349,,yes,"LINESTRING (17.6328683 59.8658932, 17.6329716 59.8658389)",2348059020,2348059015,0
225959757,,living_street,False,9.873,,yes,"LINESTRING (17.6328683 59.8658932, 17.6328159 59.865978)",2348059020,2348059033,0
225959759,,living_street,False,3.874,,yes,"LINESTRING (17.633242 59.8658973, 17.6333109 59.8659015)",2348059021,2348059022,0
225959759,,living_street,False,10.921,,yes,"LINESTRING (17.633242 59.8658973, 17.6330847 59.8658389)",2348059021,2348059016,0
225959759,,living_street,False,10.629,,yes,"LINESTRING (17.6333109 59.8659015, 17.6334961 59.8659237)",2348059022,2348059025,0
225959759,,living_street,False,3.874,,yes,"LINESTRING (17.6333109 59.8659015, 17.633242 59.8658973)",2348059022,2348059021,0
225959759,,living_street,False,7.639,,yes,"LINESTRING (17.6332224 59.8659204, 17.6331273 59.865871)",2348059023,2348059018,0
225959759,,living_street,False,13.276,,yes,"LINESTRING (17.6332224 59.8659204, 17.6331486 59.8660339)",2348059023,2348059050,0
225959759,,living_street,False,5.031,,yes,"LINESTRING (17.6332748 59.8659229, 17.6332371 59.865964)",2348059024,2348059028,0
225959759,,living_street,False,11.953,,yes,"LINESTRING (17.6332748 59.8659229, 17.6334797 59.8659541)",2348059024,2348059027,0
225959759,,living_street,False,3.502,,yes,"LINESTRING (17.6334961 59.8659237, 17.6334797 59.8659541)",2348059025,2348059027,0
225959759,,living_street,False,10.629,,yes,"LINESTRING (17.6334961 59.8659237, 17.6333109 59.8659015)",2348059025,2348059022,0
225959757,,living_street,False,5.995,,yes,"LINESTRING (17.6328634 59.865941, 17.6328486 59.8659944)",2348059026,2348059041,0
225959757,,living_street,False,6.88,,yes,"LINESTRING (17.6328634 59.865941, 17.6329158 59.865885)",2348059026,2348059019,0
225959759,,living_street,False,11.953,,yes,"LINESTRING (17.6334797 59.8659541, 17.6332748 59.8659229)",2348059027,2348059024,0
225959759,,living_street,False,3.502,,yes,"LINESTRING (17.6334797 59.8659541, 17.6334961 59.8659237)",2348059027,2348059025,0
225959759,,living_street,False,9.374,,yes,"LINESTRING (17.6332371 59.865964, 17.6331879 59.8660446)",2348059028,2348059052,0
225959759,,living_street,False,5.031,,yes,"LINESTRING (17.6332371 59.865964, 17.6332748 59.8659229)",2348059028,2348059024,0
225959757,,living_street,False,8.058,,yes,"LINESTRING (17.6326552 59.8659656, 17.6327945 59.8659846)",2348059029,2348059035,0
225959757,,living_street,False,12.382,,yes,"LINESTRING (17.6326552 59.8659656, 17.6324339 59.8659731)",2348059029,2348059031,0
225959757,,living_street,False,12.382,,yes,"LINESTRING (17.6324339 59.8659731, 17.6326552 59.8659656)",2348059031,2348059029,0
225959757,,living_street,False,14.244,,yes,"LINESTRING (17.6324339 59.8659731, 17.6322028 59.8660274)",2348059031,2348059045,0
225959757,,living_street,False,9.873,,yes,"LINESTRING (17.6328159 59.865978, 17.6328683 59.8658932)",2348059033,2348059020,0
225959757,,living_street,False,1.402,,yes,"LINESTRING (17.6328159 59.865978, 17.6327945 59.8659846)",2348059033,2348059035,0
225959757,,living_street,False,1.402,,yes,"LINESTRING (17.6327945 59.8659846, 17.6328159 59.865978)",2348059035,2348059033,0
225959757,,living_street,False,8.058,,yes,"LINESTRING (17.6327945 59.8659846, 17.6326552 59.8659656)",2348059035,2348059029,0
225959757,,living_street,False,10.986,,yes,"LINESTRING (17.6326224 59.8659862, 17.6324257 59.8659895)",2348059037,2348059039,0
225959757,,living_street,False,12.263,,yes,"LINESTRING (17.6326224 59.8659862, 17.6328372 59.8660093)",2348059037,2348059043,0
225959757,,living_street,False,12.254,,yes,"LINESTRING (17.6324257 59.8659895, 17.6322241 59.8660331)",2348059039,2348059048,0
225959757,,living_street,False,10.986,,yes,"LINESTRING (17.6324257 59.8659895, 17.6326224 59.8659862)",2348059039,2348059037,0
225959757,,living_street,False,1.775,,yes,"LINESTRING (17.6328486 59.8659944, 17.6328372 59.8660093)",2348059041,2348059043,0
225959759,,living_street,False,1.775,,yes,"LINESTRING (17.6328486 59.8659944, 17.6328372 59.8660093)",2348059041,2348059043,1
225959757,,living_street,False,5.995,,yes,"LINESTRING (17.6328486 59.8659944, 17.6328634 59.865941)",2348059041,2348059026,0
225959759,,living_street,False,17.313,,yes,"LINESTRING (17.6328486 59.8659944, 17.6331486 59.8660339)",2348059041,2348059050,0
225959757,,living_street,False,12.263,,yes,"LINESTRING (17.6328372 59.8660093, 17.6326224 59.8659862)",2348059043,2348059037,0
225959757,,living_street,False,1.775,,yes,"LINESTRING (17.6328372 59.8660093, 17.6328486 59.8659944)",2348059043,2348059041,0
225959759,,living_street,False,1.775,,yes,"LINESTRING (17.6328372 59.8660093, 17.6328486 59.8659944)",2348059043,2348059041,1
225959759,,living_street,False,18.06,,yes,"LINESTRING (17.6328372 59.8660093, 17.6331502 59.8660504)",2348059043,2348059056,0
225959757,,living_street,False,14.244,,yes,"LINESTRING (17.6322028 59.8660274, 17.6324339 59.8659731)",2348059045,2348059031,0
225959757,,living_street,False,3.634,,yes,"LINESTRING (17.6322028 59.8660274, 17.6321536 59.8660488)",2348059045,2348059054,0
225959757,,living_street,False,5.506,,yes,"LINESTRING (17.6322241 59.8660331, 17.6321668 59.8660734)",2348059048,2348059060,0
225959757,,living_street,False,12.254,,yes,"LINESTRING (17.6322241 59.8660331, 17.6324257 59.8659895)",2348059048,2348059039,0
225959759,,living_street,False,13.276,,yes,"LINESTRING (17.6331486 59.8660339, 17.6332224 59.8659204)",2348059050,2348059023,0
225959759,,living_street,False,17.313,,yes,"LINESTRING (17.6331486 59.8660339, 17.6328486 59.8659944)",2348059050,2348059041,0
225959759,,living_street,False,3.368,,yes,"LINESTRING (17.6331879 59.8660446, 17.6332306 59.866066)",2348059052,2348059058,0
225959759,,living_street,False,9.374,,yes,"LINESTRING (17.6331879 59.8660446, 17.6332371 59.865964)",2348059052,2348059028,0
225959757,,living_street,False,3.634,,yes,"LINESTRING (17.6321536 59.8660488, 17.6322028 59.8660274)",2348059054,2348059045,0
225959757,,living_street,False,9.613,,yes,"LINESTRING (17.6321536 59.8660488, 17.6321061 59.8661319)",2348059054,2348059286,0
225959759,,living_street,False,18.06,,yes,"LINESTRING (17.6331502 59.8660504, 17.6328372 59.8660093)",2348059056,2348059043,0
225959759,,living_street,False,5.787,,yes,"LINESTRING (17.6331502 59.8660504, 17.6332043 59.8660948)",2348059056,2348059064,0
225959759,,living_street,False,3.105,,yes,"LINESTRING (17.6332306 59.866066, 17.6332677 59.8660452)",2348059058,2339604324,0
225959759,,living_street,False,3.368,,yes,"LINESTRING (17.6332306 59.866066, 17.6331879 59.8660446)",2348059058,2348059052,0
225959757,,living_street,False,7.198,,yes,"LINESTRING (17.6321668 59.8660734, 17.632134 59.866136)",2348059060,2348059290,0
225959757,,living_street,False,5.506,,yes,"LINESTRING (17.6321668 59.8660734, 17.6322241 59.8660331)",2348059060,2348059048,0
225959759,,living_street,False,4.574,,yes,"LINESTRING (17.6332568 59.8660932, 17.6332404 59.8661335)",2348059062,2348059288,0
225959759,,living_street,False,2.701,,yes,"LINESTRING (17.6332568 59.8660932, 17.6332991 59.8660814)",2348059062,2339604337,0
225959759,,living_street,False,5.787,,yes,"LINESTRING (17.6332043 59.8660948, 17.6331502 59.8660504)",2348059064,2348059056,0
225959759,,living_street,False,4.386,,yes,"LINESTRING (17.6332043 59.8660948, 17.6331976 59.8661341)",2348059064,2339604348,0
225959757,,living_street,False,3.284,,yes,"LINESTRING (17.632052 59.8661203, 17.6321061 59.8661319)",2348059283,2348059286,0
225959757,,living_street,False,7.023,,yes,"LINESTRING (17.632052 59.8661203, 17.6319759 59.86607)",2348059283,2339604333,0
225959757,,living_street,False,9.613,,yes,"LINESTRING (17.6321061 59.8661319, 17.6321536 59.8660488)",2348059286,2348059054,0
225959757,,living_street,False,3.284,,yes,"LINESTRING (17.6321061 59.8661319, 17.632052 59.8661203)",2348059286,2348059283,0
225959759,,living_street,False,1.866,,yes,"LINESTRING (17.6332404 59.8661335, 17.6332582 59.8661477)",2348059288,2339604353,0
225959759,,living_street,False,4.574,,yes,"LINESTRING (17.6332404 59.8661335, 17.6332568 59.8660932)",2348059288,2348059062,0
225959757,,living_street,False,8.707,,yes,"LINESTRING (17.632134 59.866136, 17.6322831 59.866159)",2348059290,2348059292,0
225959757,,living_street,False,7.198,,yes,"LINESTRING (17.632134 59.866136, 17.6321668 59.8660734)",2348059290,2348059060,0
225959757,,living_street,False,4.151,,yes,"LINESTRING (17.6322831 59.866159, 17.632311 59.8661936)",2348059292,2348059296,0
225959757,,living_street,False,8.707,,yes,"LINESTRING (17.6322831 59.866159, 17.632134 59.866136)",2348059292,2348059290,0
225959757,,living_street,False,1.458,,yes,"LINESTRING (17.6315865 59.8661689, 17.6315605 59.8661677)",2348059294,2339604355,0
225959757,,living_street,False,5.577,,yes,"LINESTRING (17.6315865 59.8661689, 17.6316619 59.8662018)",2348059294,2348059297,0
225959757,,living_street,False,4.376,,yes,"LINESTRING (17.6320668 59.8661919, 17.632045 59.8662297)",2348059295,663979374,0
225959757,,living_street,False,29.488,,yes,"LINESTRING (17.6320668 59.8661919, 17.63257 59.8662726)",2348059295,2348059303,0
225959757,,living_street,False,17.737,,yes,"LINESTRING (17.632311 59.8661936, 17.6326142 59.8662413)",2348059296,2348059298,0
225959757,,living_street,False,4.151,,yes,"LINESTRING (17.632311 59.8661936, 17.6322831 59.866159)",2348059296,2348059292,0
225959757,,living_street,False,5.577,,yes,"LINESTRING (17.6316619 59.8662018, 17.6315865 59.8661689)",2348059297,2348059294,0
225959757,,living_street,False,5.986,,yes,"LINESTRING (17.6316619 59.8662018, 17.6317045 59.8662512)",2348059297,2348059299,0
225959757,,living_street,False,4.266,,yes,"LINESTRING (17.6326142 59.8662413, 17.63257 59.8662726)",2348059298,2348059303,0
225959757,,living_street,False,17.737,,yes,"LINESTRING (17.6326142 59.8662413, 17.632311 59.8661936)",2348059298,2348059296,0
225959757,,living_street,False,5.986,,yes,"LINESTRING (17.6317045 59.8662512, 17.6316619 59.8662018)",2348059299,2348059297,0
225959757,,living_street,False,6.336,,yes,"LINESTRING (17.6317045 59.8662512, 17.6316701 59.8663055)",2348059299,2348059309,0
225959760,,living_street,False,3.825,,yes,"LINESTRING (17.6312441 59.8662585, 17.6313118 59.8662638)",2348059300,2348059301,0
225959760,,living_street,False,5.328,,yes,"LINESTRING (17.6312441 59.8662585, 17.6311498 59.8662659)",2348059300,2348059302,0
225959760,,living_street,False,3.091,,yes,"LINESTRING (17.6313118 59.8662638, 17.6312951 59.8662903)",2348059301,2348059305,0
225959760,,living_street,False,3.825,,yes,"LINESTRING (17.6313118 59.8662638, 17.6312441 59.8662585)",2348059301,2348059300,0
225959760,,living_street,False,5.328,,yes,"LINESTRING (17.6311498 59.8662659, 17.6312441 59.8662585)",2348059302,2348059300,0
225959760,,living_street,False,14.101,,yes,"LINESTRING (17.6311498 59.8662659, 17.6309048 59.8662968)",2348059302,2348059307,0
225959757,,living_street,False,29.488,,yes,"LINESTRING (17.63257 59.8662726, 17.6320668 59.8661919)",2348059303,2348059295,0
225959757,,living_street,False,4.266,,yes,"LINESTRING (17.63257 59.8662726, 17.6326142 59.8662413)",2348059303,2348059298,0
225959760,,living_street,False,5.717,,yes,"LINESTRING (17.6312137 59.8662836, 17.6311137 59.8662947)",2348059304,2348059306,0
225959760,,living_street,False,4.605,,yes,"LINESTRING (17.6312137 59.8662836, 17.6312951 59.8662903)",2348059304,2348059305,0
225959760,,living_street,False,4.605,,yes,"LINESTRING (17.6312951 59.8662903, 17.6312137 59.8662836)",2348059305,2348059304,0
225959760,,living_street,False,3.091,,yes,"LINESTRING (17.6312951 59.8662903, 17.6313118 59.8662638)",2348059305,2348059301,0
225959760,,living_street,False,5.496,,yes,"LINESTRING (17.6311137 59.8662947, 17.6310375 59.866326)",2348059306,2348059317,0
225959760,,living_street,False,5.717,,yes,"LINESTRING (17.6311137 59.8662947, 17.6312137 59.8662836)",2348059306,2348059304,0
225959760,,living_street,False,14.101,,yes,"LINESTRING (17.6309048 59.8662968, 17.6311498 59.8662659)",2348059307,2348059302,0
225959760,,living_street,False,3.223,,yes,"LINESTRING (17.6309048 59.8662968, 17.630853 59.866284)",2348059307,2339604374,0
225959757,,living_street,False,6.336,,yes,"LINESTRING (17.6316701 59.8663055, 17.6317045 59.8662512)",2348059309,2348059299,0
225959757,,living_street,False,2.269,,yes,"LINESTRING (17.6316701 59.8663055, 17.6316439 59.8663211)",2348059309,2348059315,0
225959757,,living_street,False,2.829,,yes,"LINESTRING (17.6315948 59.8663148, 17.6316439 59.8663211)",2348059311,2348059315,0
225959757,,living_street,False,5.072,,yes,"LINESTRING (17.6315948 59.8663148, 17.631574 59.8663592)",2348059311,2339604387,0
225959760,,living_street,False,4.309,,yes,"LINESTRING (17.6308556 59.8663198, 17.6308168 59.8662863)",2348059313,2339604376,0
225959760,,living_street,False,3.279,,yes,"LINESTRING (17.6308556 59.8663198, 17.6308638 59.866349)",2348059313,2348059323,0
225959757,,living_street,False,2.269,,yes,"LINESTRING (17.6316439 59.8663211, 17.6316701 59.8663055)",2348059315,2348059309,0
225959757,,living_street,False,2.829,,yes,"LINESTRING (17.6316439 59.8663211, 17.6315948 59.8663148)",2348059315,2348059311,0
225959760,,living_street,False,4.005,,yes,"LINESTRING (17.6310375 59.866326, 17.630981 59.8663482)",2348059317,2348059321,0
225959760,,living_street,False,5.496,,yes,"LINESTRING (17.6310375 59.866326, 17.6311137 59.8662947)",2348059317,2348059306,0
225959760,,living_street,False,3.25,,yes,"LINESTRING (17.630981 59.8663482, 17.6309785 59.8663774)",2348059321,2348059332,0
225959760,,living_street,False,4.005,,yes,"LINESTRING (17.630981 59.8663482, 17.6310375 59.866326)",2348059321,2348059317,0
225959760,,living_street,False,3.279,,yes,"LINESTRING (17.6308638 59.866349, 17.6308556 59.8663198)",2348059323,2348059313,0
225959760,,living_street,False,1.959,,yes,"LINESTRING (17.6308638 59.866349, 17.6308539 59.8663659)",2348059323,2348059327,0
225959760,,living_street,False,3.614,,yes,"LINESTRING (17.6308949 59.8663618, 17.630872 59.8663922)",2348059325,2348059402,0
225959760,,living_street,False,3.396,,yes,"LINESTRING (17.6308949 59.8663618, 17.63094 59.8663823)",2348059325,2348059334,0
225959760,,living_street,False,1.959,,yes,"LINESTRING (17.6308539 59.8663659, 17.6308638 59.866349)",2348059327,2348059323,0
225959760,,living_street,False,2.239,,yes,"LINESTRING (17.6308539 59.8663659, 17.6308318 59.8663827)",2348059327,2348059400,0
225959757,,living_street,False,1.917,,yes,"LINESTRING (17.6315783 59.8663763, 17.631574 59.8663592)",2348059330,2339604387,0
225959757,,living_street,False,41.701,,yes,"LINESTRING (17.6315783 59.8663763, 17.6313603 59.866735)",2348059330,2348059563,0
225959760,,living_street,False,5.456,,yes,"LINESTRING (17.6309785 59.8663774, 17.6310277 59.8664198)",2348059332,2348059404,0
225959760,,living_street,False,3.25,,yes,"LINESTRING (17.6309785 59.8663774, 17.630981 59.8663482)",2348059332,2348059321,0
225959760,,living_street,False,3.396,,yes,"LINESTRING (17.63094 59.8663823, 17.6308949 59.8663618)",2348059334,2348059325,0
225959760,,living_street,False,6.822,,yes,"LINESTRING (17.63094 59.8663823, 17.6310039 59.8664346)",2348059334,2348059412,0
225959760,,living_street,False,2.239,,yes,"LINESTRING (17.6308318 59.8663827, 17.6308539 59.8663659)",2348059400,2348059327,0
225959760,,living_street,False,5.859,,yes,"LINESTRING (17.6308318 59.8663827, 17.6307695 59.8664251)",2348059400,2348059406,0
225959760,,living_street,False,4.772,,yes,"LINESTRING (17.630872 59.8663922, 17.6308171 59.8664251)",2348059402,2348059408,0
225959760,,living_street,False,3.614,,yes,"LINESTRING (17.630872 59.8663922, 17.6308949 59.8663618)",2348059402,2348059325,0
225959760,,living_street,False,1.872,,yes,"LINESTRING (17.6310277 59.8664198, 17.6310506 59.8664321)",2348059404,2348059410,0
225959760,,living_street,False,5.456,,yes,"LINESTRING (17.6310277 59.8664198, 17.6309785 59.8663774)",2348059404,2348059332,0
225959760,,living_street,False,5.859,,yes,"LINESTRING (17.6307695 59.8664251, 17.6308318 59.8663827)",2348059406,2348059400,0
225959760,,living_street,False,3.926,,yes,"LINESTRING (17.6307695 59.8664251, 17.6307277 59.8664535)",2348059406,2348059418,0
225959760,,living_street,False,6.154,,yes,"LINESTRING (17.6308171 59.8664251, 17.6307482 59.8664683)",2348059408,2348059420,0
225959760,,living_street,False,4.772,,yes,"LINESTRING (17.6308171 59.8664251, 17.630872 59.8663922)",2348059408,2348059402,0
225959760,,living_street,False,1.681,,yes,"LINESTRING (17.6310506 59.8664321, 17.6310799 59.8664356)",2348059410,2339604411,0
225959760,,living_street,False,1.872,,yes,"LINESTRING (17.6310506 59.8664321, 17.6310277 59.8664198)",2348059410,2348059404,0
225959760,,living_street,False,6.822,,yes,"LINESTRING (17.6310039 59.8664346, 17.63094 59.8663823)",2348059412,2348059334,0
225959760,,living_street,False,7.8,,yes,"LINESTRING (17.6310039 59.8664346, 17.6311177 59.8664753)",2348059412,2339604424,0
225959760,,living_street,False,3.926,,yes,"LINESTRING (17.6307277 59.8664535, 17.6307695 59.8664251)",2348059418,2348059406,0
225959760,,living_street,False,4.883,,yes,"LINESTRING (17.6307277 59.8664535, 17.6306991 59.866495)",2348059418,2348059422,0
225959760,,living_street,False,2.411,,yes,"LINESTRING (17.6307482 59.8664683, 17.6307426 59.8664898)",2348059420,663658420,0
225959760,,living_street,False,6.154,,yes,"LINESTRING (17.6307482 59.8664683, 17.6308171 59.8664251)",2348059420,2348059408,0
225959760,,living_street,False,4.883,,yes,"LINESTRING (17.6306991 59.866495, 17.6307277 59.8664535)",2348059422,2348059418,0
225959760,,living_street,False,2.137,,yes,"LINESTRING (17.6306991 59.866495, 17.6307356 59.8665008)",2348059422,663658419,0
225959757,,living_street,False,3.172,,yes,"LINESTRING (17.6320455 59.8664972, 17.6320864 59.866517)",2348059424,2348059426,0
225959757,,living_street,False,4.157,,yes,"LINESTRING (17.6320455 59.8664972, 17.6320178 59.8664625)",2348059424,2339604419,0
225959757,,living_street,False,4.42,,yes,"LINESTRING (17.6320864 59.866517, 17.6321569 59.8665351)",2348059426,2348059432,0
225959757,,living_street,False,3.172,,yes,"LINESTRING (17.6320864 59.866517, 17.6320455 59.8664972)",2348059426,2348059424,0
225959757,,living_street,False,14.487,,yes,"LINESTRING (17.632311 59.8665293, 17.63257 59.8665375)",2348059428,2348059435,0
225959757,,living_street,False,4.906,,yes,"LINESTRING (17.632311 59.8665293, 17.6322241 59.8665359)",2348059428,2348059433,0
225959757,,living_street,False,2.335,,yes,"LINESTRING (17.6330371 59.8665326, 17.6330748 59.8665417)",2348059430,2348059437,0
225959757,,living_street,False,4.221,,yes,"LINESTRING (17.6330371 59.8665326, 17.633006 59.8665672)",2348059430,2348059447,0
225959757,,living_street,False,3.752,,yes,"LINESTRING (17.6321569 59.8665351, 17.6322241 59.8665359)",2348059432,2348059433,0
225959757,,living_street,False,4.42,,yes,"LINESTRING (17.6321569 59.8665351, 17.6320864 59.866517)",2348059432,2348059426,0
225959757,,living_street,False,4.906,,yes,"LINESTRING (17.6322241 59.8665359, 17.632311 59.8665293)",2348059433,2348059428,0
225959757,,living_street,False,3.752,,yes,"LINESTRING (17.6322241 59.8665359, 17.6321569 59.8665351)",2348059433,2348059432,0
225959757,,living_street,False,17.115,,yes,"LINESTRING (17.63257 59.8665375, 17.6328536 59.866596)",2348059435,2348059451,0
225959757,,living_street,False,14.487,,yes,"LINESTRING (17.63257 59.8665375, 17.632311 59.8665293)",2348059435,2348059428,0
225959757,,living_street,False,2.946,,yes,"LINESTRING (17.6330748 59.8665417, 17.6330552 59.8665663)",2348059437,2348059445,0
225959757,,living_street,False,2.335,,yes,"LINESTRING (17.6330748 59.8665417, 17.6330371 59.8665326)",2348059437,2348059430,0
225959757,,living_street,False,14.392,,yes,"LINESTRING (17.632452 59.8665441, 17.6321946 59.8665515)",2348059439,2348059441,0
225959757,,living_street,False,7.036,,yes,"LINESTRING (17.632452 59.8665441, 17.6325765 59.866554)",2348059439,2348059443,0
225959757,,living_street,False,6.409,,yes,"LINESTRING (17.6321946 59.8665515, 17.632111 59.866591)",2348059441,2348059449,0
225959757,,living_street,False,14.392,,yes,"LINESTRING (17.6321946 59.8665515, 17.632452 59.8665441)",2348059441,2348059439,0
225959757,,living_street,False,7.036,,yes,"LINESTRING (17.6325765 59.866554, 17.632452 59.8665441)",2348059443,2348059439,0
225959757,,living_street,False,16.799,,yes,"LINESTRING (17.6325765 59.866554, 17.6328519 59.8666149)",2348059443,2348059533,0
225959757,,living_street,False,5.227,,yes,"LINESTRING (17.6330552 59.8665663, 17.6330207 59.86661)",2348059445,2348059464,0
225959757,,living_street,False,2.946,,yes,"LINESTRING (17.6330552 59.8665663, 17.6330748 59.8665417)",2348059445,2348059437,0
225959757,,living_street,False,4.221,,yes,"LINESTRING (17.633006 59.8665672, 17.6330371 59.8665326)",2348059447,2348059430,0
225959757,,living_street,False,4.482,,yes,"LINESTRING (17.633006 59.8665672, 17.6329781 59.866605)",2348059447,2348059454,0
225959757,,living_street,False,6.067,,yes,"LINESTRING (17.632111 59.866591, 17.6320684 59.8666412)",2348059449,2348059541,0
225959757,,living_street,False,6.409,,yes,"LINESTRING (17.632111 59.866591, 17.6321946 59.8665515)",2348059449,2348059441,0
225959757,,living_street,False,4.914,,yes,"LINESTRING (17.6328536 59.866596, 17.6329371 59.86661)",2348059451,2348059462,0
225959757,,living_street,False,17.115,,yes,"LINESTRING (17.6328536 59.866596, 17.63257 59.8665375)",2348059451,2348059435,0
225959757,,living_street,False,4.482,,yes,"LINESTRING (17.6329781 59.866605, 17.633006 59.8665672)",2348059454,2348059447,0
225959757,,living_street,False,2.355,,yes,"LINESTRING (17.6329781 59.866605, 17.6329371 59.86661)",2348059454,2348059462,0
225959757,,living_street,False,5.582,,yes,"LINESTRING (17.6331371 59.8666058, 17.6332371 59.8666058)",2348059456,2348059459,0
225959757,,living_street,False,6.514,,yes,"LINESTRING (17.6331371 59.8666058, 17.6330207 59.86661)",2348059456,2348059464,0
225959757,,living_street,False,8.879,,yes,"LINESTRING (17.6332371 59.8666058, 17.6333912 59.8666256)",2348059459,2348059537,0
225959757,,living_street,False,5.582,,yes,"LINESTRING (17.6332371 59.8666058, 17.6331371 59.8666058)",2348059459,2348059456,0
225959757,,living_street,False,2.355,,yes,"LINESTRING (17.6329371 59.86661, 17.6329781 59.866605)",2348059462,2348059454,0
225959757,,living_street,False,4.914,,yes,"LINESTRING (17.6329371 59.86661, 17.6328536 59.866596)",2348059462,2348059451,0
225959757,,living_street,False,6.514,,yes,"LINESTRING (17.6330207 59.86661, 17.6331371 59.8666058)",2348059464,2348059456,0
225959757,,living_street,False,5.227,,yes,"LINESTRING (17.6330207 59.86661, 17.6330552 59.8665663)",2348059464,2348059445,0
225959757,,living_street,False,16.799,,yes,"LINESTRING (17.6328519 59.8666149, 17.6325765 59.866554)",2348059533,2348059443,0
225959757,,living_street,False,3.844,,yes,"LINESTRING (17.6328519 59.8666149, 17.6328847 59.8666453)",2348059533,2348059545,0
225959757,,living_street,False,8.409,,yes,"LINESTRING (17.6331043 59.8666239, 17.6329585 59.8666429)",2348059535,2348059543,0
225959757,,living_street,False,7.371,,yes,"LINESTRING (17.6331043 59.8666239, 17.6332355 59.8666314)",2348059535,2348059539,0
225959757,,living_street,False,14.028,,yes,"LINESTRING (17.6333912 59.8666256, 17.6336338 59.8666585)",2348059537,2348059549,0
225959757,,living_street,False,8.879,,yes,"LINESTRING (17.6333912 59.8666256, 17.6332371 59.8666058)",2348059537,2348059459,0
225959757,,living_street,False,7.371,,yes,"LINESTRING (17.6332355 59.8666314, 17.6331043 59.8666239)",2348059539,2348059535,0
225959757,,living_street,False,11.768,,yes,"LINESTRING (17.6332355 59.8666314, 17.633442 59.8666527)",2348059539,2348059547,0
225959757,,living_street,False,10.853,,yes,"LINESTRING (17.6320684 59.8666412, 17.6320094 59.8667342)",2348059541,2348059561,0
225959757,,living_street,False,6.067,,yes,"LINESTRING (17.6320684 59.8666412, 17.632111 59.866591)",2348059541,2348059449,0
225959757,,living_street,False,13.014,,yes,"LINESTRING (17.6329585 59.8666429, 17.6327995 59.8667285)",2348059543,2348059559,0
225959757,,living_street,False,8.409,,yes,"LINESTRING (17.6329585 59.8666429, 17.6331043 59.8666239)",2348059543,2348059535,0
225959757,,living_street,False,3.844,,yes,"LINESTRING (17.6328847 59.8666453, 17.6328519 59.8666149)",2348059545,2348059533,0
225959757,,living_street,False,1.944,,yes,"LINESTRING (17.6328847 59.8666453, 17.6328732 59.8666618)",2348059545,2348059551,0
225959757,,living_street,False,11.768,,yes,"LINESTRING (17.633442 59.8666527, 17.6332355 59.8666314)",2348059547,2348059539,0
225959757,,living_street,False,10.349,,yes,"LINESTRING (17.633442 59.8666527, 17.6336141 59.8666873)",2348059547,2348059557,0
225959757,,living_street,False,3.386,,yes,"LINESTRING (17.6336338 59.8666585, 17.6336141 59.8666873)",2348059549,2348059557,0
225959757,,living_street,False,14.028,,yes,"LINESTRING (17.6336338 59.8666585, 17.6333912 59.8666256)",2348059549,2348059537,0
225959757,,living_street,False,1.944,,yes,"LINESTRING (17.6328732 59.8666618, 17.6328847 59.8666453)",2348059551,2348059545,0
225959757,,living_street,False,13.021,,yes,"LINESTRING (17.6328732 59.8666618, 17.6327175 59.866749)",2348059551,2348059565,0
225959757,,living_street,False,4.08,,yes,"LINESTRING (17.6306899 59.8666741, 17.6306198 59.8666637)",2348059553,663658414,0
225959757,,living_street,False,17.543,,yes,"LINESTRING (17.6306899 59.8666741, 17.6305866 59.8668231)",2348059553,2348059589,0
225959757,,living_street,False,16.749,,yes,"LINESTRING (17.6307227 59.8666865, 17.6306243 59.8668288)",2348059555,2348059591,0
225959757,,living_street,False,20.711,,yes,"LINESTRING (17.6307227 59.8666865, 17.6310756 59.866744)",2348059555,2348045347,0
225959757,,living_street,False,10.349,,yes,"LINESTRING (17.6336141 59.8666873, 17.633442 59.8666527)",2348059557,2348059547,0
225959757,,living_street,False,3.386,,yes,"LINESTRING (17.6336141 59.8666873, 17.6336338 59.8666585)",2348059557,2348059549,0
225959757,,living_street,False,12.489,,yes,"LINESTRING (17.6327995 59.8667285, 17.6326654 59.8668184)",2348059559,2348086588,0
225959757,,living_street,False,13.014,,yes,"LINESTRING (17.6327995 59.8667285, 17.6329585 59.8666429)",2348059559,2348059543,0
225959757,,living_street,False,7.876,,yes,"LINESTRING (17.6320094 59.8667342, 17.6319619 59.8668009)",2348059561,2348059575,0
225959757,,living_street,False,10.853,,yes,"LINESTRING (17.6320094 59.8667342, 17.6320684 59.8666412)",2348059561,2348059541,0
225959757,,living_street,False,41.701,,yes,"LINESTRING (17.6313603 59.866735, 17.6315783 59.8663763)",2348059563,2348059330,0
225959757,,living_street,False,11.549,,yes,"LINESTRING (17.6313603 59.866735, 17.6311629 59.8667039)",2348059563,2339604467,0
225959757,,living_street,False,13.021,,yes,"LINESTRING (17.6327175 59.866749, 17.6328732 59.8666618)",2348059565,2348059551,0
225959757,,living_street,False,8.251,,yes,"LINESTRING (17.6327175 59.866749, 17.6326224 59.8668058)",2348059565,2348059579,0
225959757,,living_street,False,4.892,,yes,"LINESTRING (17.632329 59.8667507, 17.6324086 59.8667323)",2348059567,2339604485,0
225959757,,living_street,False,7.959,,yes,"LINESTRING (17.632329 59.8667507, 17.6322323 59.8668033)",2348059567,2348059577,0
225959757,,living_street,False,10.485,,yes,"LINESTRING (17.6323405 59.866768, 17.6322241 59.866842)",2348059569,2348059639,0
225959757,,living_street,False,2.437,,yes,"LINESTRING (17.6323405 59.866768, 17.6323826 59.8667738)",2348059569,2339604496,0
225959757,,living_street,False,10.341,,yes,"LINESTRING (17.6312915 59.8667754, 17.6311133 59.86675)",2348059571,2348045349,0
225959757,,living_street,False,5.727,,yes,"LINESTRING (17.6312915 59.8667754, 17.6313554 59.8668157)",2348059571,2348059585,0
225959757,,living_street,False,17.566,,yes,"LINESTRING (17.6314504 59.8667926, 17.6313554 59.8669432)",2348059573,2348059663,0
225959757,,living_street,False,6.699,,yes,"LINESTRING (17.6314504 59.8667926, 17.6315636 59.8668126)",2348059573,2339604510,0
225959757,,living_street,False,1.282,,yes,"LINESTRING (17.6319619 59.8668009, 17.6319635 59.8668124)",2348059575,2348059583,0
225959757,,living_street,False,7.876,,yes,"LINESTRING (17.6319619 59.8668009, 17.6320094 59.8667342)",2348059575,2348059561,0
225959757,,living_street,False,7.959,,yes,"LINESTRING (17.6322323 59.8668033, 17.632329 59.8667507)",2348059577,2348059567,0
225959757,,living_street,False,6.026,,yes,"LINESTRING (17.6322323 59.8668033, 17.6321536 59.8668404)",2348059577,2348059595,0
225959757,,living_street,False,8.251,,yes,"LINESTRING (17.6326224 59.8668058, 17.6327175 59.866749)",2348059579,2348059565,0
225959757,,living_street,False,13.904,,yes,"LINESTRING (17.6326224 59.8668058, 17.6324962 59.8669136)",2348059579,2348059657,0
225959757,,living_street,False,3.227,,yes,"LINESTRING (17.6316685 59.8668074, 17.6316357 59.8668313)",2348059581,2348059593,0
225959757,,living_street,False,5.655,,yes,"LINESTRING (17.6316685 59.8668074, 17.6317541 59.8668346)",2348059581,2339604515,0
225959757,,living_street,False,11.059,,yes,"LINESTRING (17.6319635 59.8668124, 17.6321536 59.8668404)",2348059583,2348059595,0
225959757,,living_street,False,1.282,,yes,"LINESTRING (17.6319635 59.8668124, 17.6319619 59.8668009)",2348059583,2348059575,0
225959757,,living_street,False,5.727,,yes,"LINESTRING (17.6313554 59.8668157, 17.6312915 59.8667754)",2348059585,2348059571,0
225959757,,living_street,False,13.363,,yes,"LINESTRING (17.6313554 59.8668157, 17.6312767 59.8669292)",2348059585,2348059661,0
225959757,,living_street,False,3.551,,yes,"LINESTRING (17.6318438 59.8668173, 17.6318003 59.8668406)",2348059587,2339604516,0
225959757,,living_street,False,14.731,,yes,"LINESTRING (17.6318438 59.8668173, 17.632093 59.8668609)",2348059587,2348059645,0
225959757,,living_street,False,17.543,,yes,"LINESTRING (17.6305866 59.8668231, 17.6306899 59.8666741)",2348059589,2348059553,0
225959757,,living_street,False,2.198,,yes,"LINESTRING (17.6305866 59.8668231, 17.6306243 59.8668288)",2348059589,2348059591,0
225959757,,living_street,False,2.198,,yes,"LINESTRING (17.6306243 59.8668288, 17.6305866 59.8668231)",2348059591,2348059589,0
225959757,,living_street,False,16.749,,yes,"LINESTRING (17.6306243 59.8668288, 17.6307227 59.8666865)",2348059591,2348059555,0
225959757,,living_street,False,4.14,,yes,"LINESTRING (17.6316357 59.8668313, 17.6316168 59.8668673)",2348059593,2348059648,0
225959757,,living_street,False,3.227,,yes,"LINESTRING (17.6316357 59.8668313, 17.6316685 59.8668074)",2348059593,2348059581,0
225959757,,living_street,False,6.026,,yes,"LINESTRING (17.6321536 59.8668404, 17.6322323 59.8668033)",2348059595,2348059577,0
225959757,,living_street,False,11.059,,yes,"LINESTRING (17.6321536 59.8668404, 17.6319635 59.8668124)",2348059595,2348059583,0
225959757,,living_street,False,7.317,,yes,"LINESTRING (17.6322241 59.866842, 17.6322241 59.8669078)",2348059639,2348059654,0
225959757,,living_street,False,10.485,,yes,"LINESTRING (17.6322241 59.866842, 17.6323405 59.866768)",2348059639,2348059569,0
225959757,,living_street,False,10.051,,yes,"LINESTRING (17.6326192 59.8668494, 17.6325208 59.8669251)",2348059642,2348059659,0
225959757,,living_street,False,4.305,,yes,"LINESTRING (17.6326192 59.8668494, 17.6326654 59.8668184)",2348059642,2348086588,0
225959757,,living_street,False,14.731,,yes,"LINESTRING (17.632093 59.8668609, 17.6318438 59.8668173)",2348059645,2348059587,0
225959757,,living_street,False,4.364,,yes,"LINESTRING (17.632093 59.8668609, 17.6321422 59.8668914)",2348059645,2348059651,0
225959757,,living_street,False,2.248,,yes,"LINESTRING (17.6316168 59.8668673, 17.6315784 59.8668612)",2348059648,2339604527,0
225959757,,living_street,False,4.14,,yes,"LINESTRING (17.6316168 59.8668673, 17.6316357 59.8668313)",2348059648,2348059593,0
225959757,,living_street,False,4.364,,yes,"LINESTRING (17.6321422 59.8668914, 17.632093 59.8668609)",2348059651,2348059645,0
225959757,,living_street,False,2.57,,yes,"LINESTRING (17.6321422 59.8668914, 17.6321248 59.8669128)",2348059651,2348045353,0
225959757,,living_street,False,4.531,,yes,"LINESTRING (17.6322241 59.8669078, 17.6322801 59.8669373)",2348059654,2339604547,0
225959757,,living_street,False,7.317,,yes,"LINESTRING (17.6322241 59.8669078, 17.6322241 59.866842)",2348059654,2348059639,0
225959757,,living_street,False,13.904,,yes,"LINESTRING (17.6324962 59.8669136, 17.6326224 59.8668058)",2348059657,2348059579,0
225959757,,living_street,False,6.268,,yes,"LINESTRING (17.6324962 59.8669136, 17.6324414 59.8669628)",2348059657,2339604560,0
225959757,,living_street,False,9.746,,yes,"LINESTRING (17.6325208 59.8669251, 17.6324576 59.8670068)",2348059659,2339604593,0
225959757,,living_street,False,10.051,,yes,"LINESTRING (17.6325208 59.8669251, 17.6326192 59.8668494)",2348059659,2348059642,0
225959757,,living_street,False,13.363,,yes,"LINESTRING (17.6312767 59.8669292, 17.6313554 59.8668157)",2348059661,2348059585,0
225959757,,living_street,False,2.061,,yes,"LINESTRING (17.6312767 59.8669292, 17.6313115 59.8669354)",2348059661,3734542384,0
225959757,,living_street,False,2.6,,yes,"LINESTRING (17.6313554 59.8669432, 17.6313115 59.8669354)",2348059663,3734542384,0
225959757,,living_street,False,17.566,,yes,"LINESTRING (17.6313554 59.8669432, 17.6314504 59.8667926)",2348059663,2348059573,0
225959757,,living_street,False,4.305,,yes,"LINESTRING (17.6326654 59.8668184, 17.6326192 59.8668494)",2348086588,2348059642,0
225959757,,living_street,False,12.489,,yes,"LINESTRING (17.6326654 59.8668184, 17.6327995 59.8667285)",2348086588,2348059559,0
209254440,,living_street,False,39.754,30,,"LINESTRING (17.6272704 59.8681397, 17.6274394 59.8677924)",2599430607,2809859639,0
263934972,Dragarbrunnsgatan,living_street,False,4.659,7,,"LINESTRING (17.6383259 59.8603699, 17.6383816 59.8603387)",2602110244,6618718348,0
263934972,Dragarbrunnsgatan,living_street,False,2.296,7,,"LINESTRING (17.6383259 59.8603699, 17.6382985 59.8603853)",2602110244,600129194,0
209254440,,living_street,False,9.265,30,,"LINESTRING (17.6273424 59.8675711, 17.6273003 59.8674905)",2809859637,2194787928,0
209254440,,living_street,False,16.446,30,,"LINESTRING (17.6273424 59.8675711, 17.6274818 59.8677014)",2809859637,2194787925,0
209254440,,living_street,False,10.392,30,,"LINESTRING (17.6274394 59.8677924, 17.6274818 59.8677014)",2809859639,2194787925,0
209254440,,living_street,False,39.754,30,,"LINESTRING (17.6274394 59.8677924, 17.6272704 59.8681397)",2809859639,2599430607,0
377430725,Svartbäcksgatan,living_street,False,34.561,30,,"LINESTRING (17.626133 59.867985, 17.6267273 59.8680722)",2809859640,2177710687,0
263934970,Dragarbrunnsgatan,living_street,False,69.829,,,"LINESTRING (17.6404916 59.8591654, 17.6413179 59.858694)",2821805690,25735125,0
263934970,Dragarbrunnsgatan,living_street,False,8.147,,,"LINESTRING (17.6404916 59.8591654, 17.6403952 59.8592204)",2821805690,309986,0
263934972,Dragarbrunnsgatan,living_street,False,9.527,7,,"LINESTRING (17.6402813 59.8592842, 17.6403952 59.8592204)",2821805698,309986,0
263934972,Dragarbrunnsgatan,living_street,False,45.787,7,,"LINESTRING (17.6402813 59.8592842, 17.6397341 59.8595909)",2821805698,25734898,0
263934973,Dragarbrunnsgatan,living_street,False,38.972,7,,"LINESTRING (17.6448606 59.8567208, 17.644382 59.8569759)",3067700641,25735257,0
263934973,Dragarbrunnsgatan,living_street,False,85.03,7,,"LINESTRING (17.6433633 59.8575443, 17.644382 59.8569759)",3067700665,25735257,0
263934973,Dragarbrunnsgatan,living_street,False,8.889,7,,"LINESTRING (17.6433633 59.8575443, 17.6432529 59.8576019)",3067700665,312363,0
263934971,Dragarbrunnsgatan,living_street,False,5.728,7,,"LINESTRING (17.6431843 59.8576402, 17.6432529 59.8576019)",3067700668,312363,0
263934971,Dragarbrunnsgatan,living_street,False,77.212,7,,"LINESTRING (17.6431843 59.8576402, 17.6422596 59.8581565)",3067700668,312362,0
209254440,,living_street,False,18.061,30,,"LINESTRING (17.6273387 59.8674192, 17.6274231 59.8672624)",3268175965,3268175967,0
209254440,,living_street,False,8.213,30,,"LINESTRING (17.6273387 59.8674192, 17.6273003 59.8674905)",3268175965,2194787928,0
209254440,,living_street,False,18.452,30,,"LINESTRING (17.6274231 59.8672624, 17.6275093 59.8671022)",3268175967,3268175969,0
209254440,,living_street,False,18.061,30,,"LINESTRING (17.6274231 59.8672624, 17.6273387 59.8674192)",3268175967,3268175965,0
209254440,,living_street,False,7.304,30,,"LINESTRING (17.6275093 59.8671022, 17.627547 59.8670393)",3268175969,2194787931,0
209254440,,living_street,False,18.452,30,,"LINESTRING (17.6275093 59.8671022, 17.6274231 59.8672624)",3268175969,3268175967,0
225959757,,living_street,False,2.061,,yes,"LINESTRING (17.6313115 59.8669354, 17.6312767 59.8669292)",3734542384,2348059661,0
225959757,,living_street,False,2.6,,yes,"LINESTRING (17.6313115 59.8669354, 17.6313554 59.8669432)",3734542384,2348059663,0
369683948,,living_street,False,7.52,,no,"LINESTRING (17.6313115 59.8669354, 17.6312453 59.8669943)",3734542384,201084552,0
393182257,Vretgränd,living_street,False,68.26,,,"LINESTRING (17.6452991 59.8573818, 17.644382 59.8569759)",3963994985,25735257,0
431395422,Täljstensvägen,living_street,False,4.973,,,"LINESTRING (17.6137214 59.8373809, 17.6137797 59.8373471)",4305981706,244091540,0
431395422,Täljstensvägen,living_street,False,4.736,,,"LINESTRING (17.6137214 59.8373809, 17.6136731 59.8374159)",4305981706,1109574003,0
431395422,Täljstensvägen,living_street,False,5.158,,,"LINESTRING (17.6136597 59.8374618, 17.6136731 59.8374159)",4305981707,1109574003,0
431395422,Täljstensvägen,living_street,False,6.024,,,"LINESTRING (17.6136597 59.8374618, 17.6136705 59.8375157)",4305981707,4305981708,0
431395422,Täljstensvägen,living_street,False,6.024,,,"LINESTRING (17.6136705 59.8375157, 17.6136597 59.8374618)",4305981708,4305981707,0
431395422,Täljstensvägen,living_street,False,5.354,,,"LINESTRING (17.6136705 59.8375157, 17.6137116 59.8375592)",4305981708,244091539,0
432825199,Flogstavägen,living_street,False,5.005,,,"LINESTRING (17.5924198 59.8516394, 17.5923501 59.8516677)",4317770559,4317770563,0
432825199,Flogstavägen,living_street,False,5.005,,,"LINESTRING (17.5923501 59.8516677, 17.5924198 59.8516394)",4317770563,4317770559,0
432825199,Flogstavägen,living_street,False,4.048,,,"LINESTRING (17.5923501 59.8516677, 17.5923447 59.851704)",4317770563,4317770565,0
432825199,Flogstavägen,living_street,False,4.048,,,"LINESTRING (17.5923447 59.851704, 17.5923501 59.8516677)",4317770565,4317770563,0
432825199,Flogstavägen,living_street,False,53.479,,,"LINESTRING (17.5923447 59.851704, 17.5915991 59.8520058)",4317770565,4317771297,0
432825199,Flogstavägen,living_street,False,53.479,,,"LINESTRING (17.5915991 59.8520058, 17.5923447 59.851704)",4317771297,4317770565,0
432825199,Flogstavägen,living_street,False,8.064,,,"LINESTRING (17.5915991 59.8520058, 17.591465 59.8520327)",4317771297,4317771298,0
432825199,Flogstavägen,living_street,False,8.064,,,"LINESTRING (17.591465 59.8520327, 17.5915991 59.8520058)",4317771298,4317771297,0
432825199,Flogstavägen,living_street,False,21.407,,,"LINESTRING (17.591465 59.8520327, 17.5910841 59.8520543)",4317771298,4317771300,0
432825199,Flogstavägen,living_street,False,21.407,,,"LINESTRING (17.5910841 59.8520543, 17.591465 59.8520327)",4317771300,4317771298,0
263934972,Dragarbrunnsgatan,living_street,False,41.727,7,,"LINESTRING (17.6383816 59.8603387, 17.6388803 59.8600592)",6618718348,25734896,0
263934972,Dragarbrunnsgatan,living_street,False,4.659,7,,"LINESTRING (17.6383816 59.8603387, 17.6383259 59.8603699)",6618718348,2602110244,0
