osmid,name,highway,oneway,length,geometry,u,v,key
6009037,Pakkahuoneenkatu,pedestrian,False,5.434,"LINESTRING (25.4663517 65.0140365, 25.466445 65.0140076)",308618806,708488525,0
6009037,Pakkahuoneenkatu,pedestrian,False,4.357,"LINESTRING (25.4676051 65.01370420000001, 25.4675274 65.0137256)",312512911,501974787,0
6009037,Pakkahuoneenkatu,pedestrian,False,4.357,"LINESTRING (25.4675274 65.0137256, 25.4676051 65.01370420000001)",501974787,312512911,0
6009037,Pakkahuoneenkatu,pedestrian,False,59.732,"LINESTRING (25.4675274 65.0137256, 25.466445 65.0140076)",501974787,708488525,0
6009037,Pakkahuoneenkatu,pedestrian,False,59.732,"LINESTRING (25.466445 65.0140076, 25.4675274 65.0137256)",708488525,501974787,0
6009037,Pakkahuoneenkatu,pedestrian,False,5.434,"LINESTRING (25.466445 65.0140076, 25.4663517 65.0140365)",708488525,308618806,0
