osmid,oneway,name,highway,maxspeed,length,geometry,u,v,key
188864832,True,Rue Stevin - Stevinstraat,residential,30,15.953,"LINESTRING (4.3838475 50.8441479, 4.3840625 50.8441015)",9668223,2394714387,0
188864832,True,Rue Stevin - Stevinstraat,residential,30,8.893,"LINESTRING (4.386422 50.8435766, 4.3865292 50.843534)",1938440964,9670322,0
188864832,True,Rue Stevin - Stevinstraat,residential,30,3.38,"LINESTRING (4.3840625 50.8441015, 4.3841079 50.8440914)",2394714387,7686821340,0
188864832,True,Rue Stevin - Stevinstraat,residential,30,3.873,"LINESTRING (4.386372 50.8435913, 4.386422 50.8435766)",6685419977,1938440964,0
188864832,True,Rue Stevin - Stevinstraat,residential,30,168.414,"LINESTRING (4.3841079 50.8440914, 4.386372 50.8435913)",7686821340,6685419977,0
