osmid,name,highway,maxspeed,oneway,length,tunnel,junction,geometry,u,v,key
7539157,Van Bleyswijckstraat,living_street,15,False,22.186,,,"LINESTRING (4.353162 52.0050432, 4.352976 52.0052066)",44819450,3517599525,0
223277536,Pootstraat,living_street,15,False,21.653,,,"LINESTRING (4.3508911 52.0051748, 4.3511486 52.0052879)",44820010,3114641823,0
223277536,Pootstraat,living_street,15,False,26.449,,,"LINESTRING (4.3508911 52.0051748, 4.3505713 52.0050413)",44820010,2321923805,0
7541729,Justus van Schoonhovenstraat,living_street,15,False,61.227,,,"LINESTRING (4.3514426 52.0054171, 4.3509167 52.0058625)",44821572,3429293136,0
223277536,Pootstraat,living_street,15,False,13.065,,,"LINESTRING (4.3514426 52.0054171, 4.3515995 52.005484)",44821572,3429293137,0
223277536,Pootstraat,living_street,15,False,24.726,,,"LINESTRING (4.3514426 52.0054171, 4.3511486 52.0052879)",44821572,3114641823,0
7539136,Raamstraat,living_street,15,False,59.245,,,"LINESTRING (4.3527854 52.0053719, 4.3534953 52.0056767)",44821573,2321963601,0
7539136,Raamstraat,living_street,15,False,58.012,,,"LINESTRING (4.3527854 52.0053719, 4.352091 52.0050728)",44821573,1233552049,0
7539157,Van Bleyswijckstraat,living_street,15,False,22.54,,,"LINESTRING (4.3527854 52.0053719, 4.352976 52.0052066)",44821573,3517599525,0
7539218,Van Bleyswijckstraat,living_street,15,False,56.819,,,"LINESTRING (4.3527854 52.0053719, 4.352339 52.0058027)",44821573,44823645,0
7541687,Carthuyzerstraat,living_street,15,False,42.792,,,"LINESTRING (4.3519406 52.0056323, 4.3516053 52.0059571)",44822489,3114643446,0
223277536,Pootstraat,living_street,15,False,33.207,,,"LINESTRING (4.3519406 52.0056323, 4.352339 52.0058027)",44822489,44823645,0
223277536,Pootstraat,living_street,15,False,19.052,,,"LINESTRING (4.3519406 52.0056323, 4.3517132 52.0055335)",44822489,3114643445,0
7539218,Van Bleyswijckstraat,living_street,15,False,49.033,,,"LINESTRING (4.352339 52.0058027, 4.3519518 52.0061737)",44823645,44825205,0
7539218,Van Bleyswijckstraat,living_street,15,False,56.819,,,"LINESTRING (4.352339 52.0058027, 4.3527854 52.0053719)",44823645,44821573,0
223277536,Pootstraat,living_street,15,False,39.967,,,"LINESTRING (4.352339 52.0058027, 4.3528092 52.0060158)",44823645,2321923803,0
223277536,Pootstraat,living_street,15,False,33.207,,,"LINESTRING (4.352339 52.0058027, 4.3519406 52.0056323)",44823645,44822489,0
7538475,Raamstraat,living_street,15,False,35.451,,,"LINESTRING (4.3538427 52.00584, 4.3542685 52.0060215)",44823646,3114643455,0
7538478,Graswinckelstraat,living_street,15,False,57.285,,,"LINESTRING (4.3538427 52.00584, 4.3533905 52.0062735)",44823646,44825833,0
7539136,Raamstraat,living_street,15,False,29.92,,,"LINESTRING (4.3538427 52.00584, 4.3534953 52.0056767)",44823646,2321963601,0
7538876,Westerstraat,living_street,15,False,32.953,,,"LINESTRING (4.3515541 52.0060067, 4.3519518 52.0061737)",44824147,44825205,0
7541687,Carthuyzerstraat,living_street,15,False,42.333,,,"LINESTRING (4.3515541 52.0060067, 4.3511818 52.0063107)",44824147,44826460,0
7541687,Carthuyzerstraat,living_street,15,False,6.535,,,"LINESTRING (4.3515541 52.0060067, 4.3516053 52.0059571)",44824147,3114643446,0
7538876,Westerstraat,living_street,15,False,50.325,,,"LINESTRING (4.3519518 52.0061737, 4.3525433 52.0064425)",44825205,44827061,0
7538876,Westerstraat,living_street,15,False,32.953,,,"LINESTRING (4.3519518 52.0061737, 4.3515541 52.0060067)",44825205,44824147,0
7539218,Van Bleyswijckstraat,living_street,15,False,6.896,,,"LINESTRING (4.3519518 52.0061737, 4.3518683 52.0062084)",44825205,2610929404,0
7539218,Van Bleyswijckstraat,living_street,15,False,49.033,,,"LINESTRING (4.3519518 52.0061737, 4.352339 52.0058027)",44825205,44823645,0
223277536,Pootstraat,living_street,15,False,9.455,,,"LINESTRING (4.3529408 52.0060741, 4.3530517 52.0061248)",44825207,2321923796,0
223277536,Pootstraat,living_street,15,False,11.098,,,"LINESTRING (4.3529408 52.0060741, 4.3528092 52.0060158)",44825207,2321923803,0
7541818,Hoornsestraat,living_street,15,False,23.125,,,"LINESTRING (4.3500672 52.0062284, 4.3503437 52.0063479)",44825831,44826459,0
7538478,Graswinckelstraat,living_street,15,False,50.148,,,"LINESTRING (4.3533905 52.0062735, 4.3529909 52.0066515)",44825833,44828189,0
7538478,Graswinckelstraat,living_street,15,False,57.285,,,"LINESTRING (4.3533905 52.0062735, 4.3538427 52.00584)",44825833,44823646,0
223277536,Pootstraat,living_street,15,False,50.304,,,"LINESTRING (4.3533905 52.0062735, 4.3539902 52.006535)",44825833,1783815670,0
223277536,Pootstraat,living_street,15,False,25.408,,,"LINESTRING (4.3533905 52.0062735, 4.3530882 52.0061409)",44825833,2321963602,0
7541729,Justus van Schoonhovenstraat,living_street,15,False,20.165,,,"LINESTRING (4.3503437 52.0063479, 4.3505169 52.0062012)",44826459,3429293132,0
7541818,Hoornsestraat,living_street,15,False,27.803,,,"LINESTRING (4.3503437 52.0063479, 4.350676 52.0064917)",44826459,3114643451,0
7541818,Hoornsestraat,living_street,15,False,23.125,,,"LINESTRING (4.3503437 52.0063479, 4.3500672 52.0062284)",44826459,44825831,0
7538464,Plateelstraat,living_street,15,False,32.469,,,"LINESTRING (4.3511818 52.0063107, 4.3515676 52.0064806)",44826460,44827059,0
7541687,Carthuyzerstraat,living_street,15,False,11.71,,,"LINESTRING (4.3511818 52.0063107, 4.3510826 52.0063965)",44826460,3114643449,0
7541687,Carthuyzerstraat,living_street,15,False,42.333,,,"LINESTRING (4.3511818 52.0063107, 4.3515541 52.0060067)",44826460,44824147,0
7538464,Plateelstraat,living_street,15,False,26.361,,,"LINESTRING (4.3515676 52.0064806, 4.3518827 52.0066169)",44827059,3517598648,0
7538464,Plateelstraat,living_street,15,False,32.469,,,"LINESTRING (4.3515676 52.0064806, 4.3511818 52.0063107)",44827059,44826460,0
7539218,Van Bleyswijckstraat,living_street,15,False,36.013,,,"LINESTRING (4.3515676 52.0064806, 4.3512698 52.0067476)",44827059,44828699,0
7539218,Van Bleyswijckstraat,living_street,15,False,36.603,,,"LINESTRING (4.3515676 52.0064806, 4.3518683 52.0062084)",44827059,2610929404,0
7538876,Westerstraat,living_street,15,False,38.454,,,"LINESTRING (4.3525433 52.0064425, 4.3529909 52.0066515)",44827061,44828189,0
7538876,Westerstraat,living_street,15,False,50.325,,,"LINESTRING (4.3525433 52.0064425, 4.3519518 52.0061737)",44827061,44825205,0
7538475,Raamstraat,living_street,15,False,6.683,,,"LINESTRING (4.3553708 52.0065312, 4.3552945 52.0064937)",44827063,4361406519,0
517762042,Raamstraat,living_street,15,False,10.754,,,"LINESTRING (4.3553708 52.0065312, 4.3554998 52.0065864)",44827063,44828198,0
7541687,Carthuyzerstraat,living_street,15,False,24.663,,,"LINESTRING (4.3508762 52.0065783, 4.3510826 52.0063965)",44827614,3114643449,0
7541818,Hoornsestraat,living_street,15,False,12.547,,,"LINESTRING (4.3508762 52.0065783, 4.3510265 52.0066429)",44827614,5326073782,0
7541818,Hoornsestraat,living_street,15,False,16.748,,,"LINESTRING (4.3508762 52.0065783, 4.350676 52.0064917)",44827614,3114643451,0
7538478,Graswinckelstraat,living_street,15,False,40.454,,,"LINESTRING (4.3529909 52.0066515, 4.3526439 52.006946)",44828189,44829651,0
7538478,Graswinckelstraat,living_street,15,False,50.148,,,"LINESTRING (4.3529909 52.0066515, 4.3533905 52.0062735)",44828189,44825833,0
7538876,Westerstraat,living_street,15,False,34.511,,,"LINESTRING (4.3529909 52.0066515, 4.3533869 52.0068436)",44828189,44829226,0
7538876,Westerstraat,living_street,15,False,38.454,,,"LINESTRING (4.3529909 52.0066515, 4.3525433 52.0064425)",44828189,44827061,0
223277536,Pootstraat,living_street,15,False,59.339,,,"LINESTRING (4.3541681 52.006638, 4.3548734 52.0069483)",44828193,44829654,0
223277536,Pootstraat,living_street,15,False,3.031,,,"LINESTRING (4.3541681 52.006638, 4.3541633 52.0066109)",44828193,1783815630,0
517762042,Raamstraat,living_street,15,False,10.754,,,"LINESTRING (4.3554998 52.0065864, 4.3553708 52.0065312)",44828198,44827063,0
517762042,Raamstraat,living_street,15,False,4.739,,,"LINESTRING (4.3554998 52.0065864, 4.3555589 52.0066086)",44828198,4301397893,0
7539218,Van Bleyswijckstraat,living_street,15,False,46.203,,,"LINESTRING (4.3512698 52.0067476, 4.3508855 52.0070892)",44828699,44830128,0
7539218,Van Bleyswijckstraat,living_street,15,False,36.013,,,"LINESTRING (4.3512698 52.0067476, 4.3515676 52.0064806)",44828699,44827059,0
7541818,Hoornsestraat,living_street,15,False,20.319,,,"LINESTRING (4.3512698 52.0067476, 4.3510265 52.0066429)",44828699,5326073782,0
7538876,Westerstraat,living_street,15,False,30.522,,,"LINESTRING (4.3533869 52.0068436, 4.353749 52.0070038)",44829226,44830130,0
7538876,Westerstraat,living_street,15,False,34.511,,,"LINESTRING (4.3533869 52.0068436, 4.3529909 52.0066515)",44829226,44828189,0
7538940,Handboogstraat,living_street,15,False,97.145,,,"LINESTRING (4.3533869 52.0068436, 4.3525809 52.0075627)",44829226,44832713,0
7538464,Plateelstraat,living_street,15,False,63.67,,,"LINESTRING (4.3526439 52.006946, 4.3518827 52.0066169)",44829651,3517598648,0
7538478,Graswinckelstraat,living_street,15,False,23.553,,,"LINESTRING (4.3526439 52.006946, 4.3524517 52.0071217)",44829651,3517598653,0
7538478,Graswinckelstraat,living_street,15,False,40.454,,,"LINESTRING (4.3526439 52.006946, 4.3529909 52.0066515)",44829651,44828189,0
7538894,Nieuwe Schoolstraat,living_street,15,True,57.534,,,"LINESTRING (4.3548734 52.0069483, 4.3553708 52.0065312)",44829654,44827063,0
223277536,Pootstraat,living_street,15,False,59.339,,,"LINESTRING (4.3548734 52.0069483, 4.3541681 52.006638)",44829654,44828193,0
7539218,Van Bleyswijckstraat,living_street,15,False,46.203,,,"LINESTRING (4.3508855 52.0070892, 4.3512698 52.0067476)",44830128,44828699,0
7538876,Westerstraat,living_street,15,False,36.12,,,"LINESTRING (4.353749 52.0070038, 4.3541714 52.0071985)",44830130,2162745762,0
7538876,Westerstraat,living_street,15,False,30.522,,,"LINESTRING (4.353749 52.0070038, 4.3533869 52.0068436)",44830130,44829226,0
144512938,Tuinstraat,living_street,15,False,53.678,,,"LINESTRING (4.353749 52.0070038, 4.3532998 52.0073995)",44830130,44831875,0
7538876,Westerstraat,living_street,15,False,6.906,,,"LINESTRING (4.3545402 52.0073719, 4.3544622 52.0073325)",44831422,599022490,0
7539012,Hovenierstraat,living_street,15,False,61.682,,,"LINESTRING (4.3545402 52.0073719, 4.3540178 52.0078239)",44831422,44834658,0
144512938,Tuinstraat,living_street,15,False,53.678,,,"LINESTRING (4.3532998 52.0073995, 4.353749 52.0070038)",44831875,44830130,0
7538478,Graswinckelstraat,living_street,15,False,61.818,,,"LINESTRING (4.3519503 52.0075841, 4.3524517 52.0071217)",44832711,3517598653,0
7538940,Handboogstraat,living_street,15,False,97.145,,,"LINESTRING (4.3525809 52.0075627, 4.3533869 52.0068436)",44832713,44829226,0
517762044,Westerstraat,living_street,15,True,6.485,,,"LINESTRING (4.3555322 52.0078313, 4.3554569 52.0077959)",44833579,5052016684,0
7539012,Hovenierstraat,living_street,15,False,26.643,,,"LINESTRING (4.3540178 52.0078239, 4.3538147 52.0080283)",44834658,44835812,0
7539012,Hovenierstraat,living_street,15,False,61.682,,,"LINESTRING (4.3540178 52.0078239, 4.3545402 52.0073719)",44834658,44831422,0
7539012,Hovenierstraat,living_street,15,False,26.643,,,"LINESTRING (4.3538147 52.0080283, 4.3540178 52.0078239)",44835812,44834658,0
7538453,Paxlaan,living_street,15,False,39.823,,,"LINESTRING (4.3509994 52.0095997, 4.3514675 52.0098124)",44842009,484706104,0
7542064,Verlengde Singelstraat,living_street,15,False,43.077,,,"LINESTRING (4.3504058 52.0101064, 4.3509171 52.0103323)",44844068,44844876,0
7538856,Singelstraat,living_street,15,False,15.213,,,"LINESTRING (4.3510527 52.0102239, 4.3509171 52.0103323)",44844498,44844876,0
40214704,Singelstraat,living_street,15,True,30.411,,,"LINESTRING (4.3510527 52.0102239, 4.3514037 52.0103916)",44844498,484697793,0
7538856,Singelstraat,living_street,15,False,15.213,,,"LINESTRING (4.3509171 52.0103323, 4.3510527 52.0102239)",44844876,44844498,0
7542064,Verlengde Singelstraat,living_street,15,False,43.077,,,"LINESTRING (4.3509171 52.0103323, 4.3504058 52.0101064)",44844876,44844068,0
7542109,Verlengde Singelstraat,living_street,15,False,10.814,,,"LINESTRING (4.3509171 52.0103323, 4.3508275 52.0104124)",44844876,44845272,0
7542109,Verlengde Singelstraat,living_street,15,False,49.975,,,"LINESTRING (4.3508275 52.0104124, 4.3503952 52.0107746)",44845272,44846572,0
7542109,Verlengde Singelstraat,living_street,15,False,10.814,,,"LINESTRING (4.3508275 52.0104124, 4.3509171 52.0103323)",44845272,44844876,0
7538138,Spieringstraat,living_street,15,True,23.009,,,"LINESTRING (4.3670112 52.0104083, 4.3668231 52.0105798)",44845277,44846114,0
255576461,Zuiderstraat,living_street,15,False,36.934,,,"LINESTRING (4.3670112 52.0104083, 4.3674573 52.0105952)",44845277,6388220540,0
255576461,Zuiderstraat,living_street,15,False,54.117,,,"LINESTRING (4.3670112 52.0104083, 4.3663604 52.0101319)",44845277,6388220539,0
7538138,Spieringstraat,living_street,15,True,33.989,,,"LINESTRING (4.3668231 52.0105798, 4.3665418 52.0108317)",44846114,44847020,0
7538205,Vijverstraat,living_street,15,False,72.421,,,"LINESTRING (4.3668231 52.0105798, 4.3659412 52.0102199)",44846114,1530303598,0
7542109,Verlengde Singelstraat,living_street,15,False,49.975,,,"LINESTRING (4.3503952 52.0107746, 4.3508275 52.0104124)",44846572,44845272,0
7538851,Sint Olofsstraat,living_street,15,False,35.228,,,"LINESTRING (4.3521816 52.0107482, 4.3518686 52.0109997)",44846574,7600717222,0
40214704,Singelstraat,living_street,15,True,3.28,,,"LINESTRING (4.3521816 52.0107482, 4.3522203 52.0107656)",44846574,486605436,0
7538453,Paxlaan,living_street,15,False,25.041,,,"LINESTRING (4.3534122 52.0106961, 4.3537084 52.0108283)",44846575,5643859399,0
7538453,Paxlaan,living_street,15,False,4.844,,,"LINESTRING (4.3534122 52.0106961, 4.3533553 52.0106702)",44846575,3391358339,0
7538773,Paxlaan,living_street,15,False,19.126,,,"LINESTRING (4.3534122 52.0106961, 4.3532629 52.0108415)",44846575,44847014,0
7538773,Paxlaan,living_street,15,False,19.126,,,"LINESTRING (4.3532629 52.0108415, 4.3534122 52.0106961)",44847014,44846575,0
7541992,Eliza Dorusstraat,living_street,15,True,43.369,,,"LINESTRING (4.350223 52.0108989, 4.3497174 52.0106638)",44847480,44846571,0
7538453,Paxlaan,living_street,15,False,4.319,,,"LINESTRING (4.3537596 52.010851, 4.3537084 52.0108283)",44847481,5643859399,0
7538851,Sint Olofsstraat,living_street,15,False,14.053,,,"LINESTRING (4.3516773 52.0110619, 4.3515432 52.0111576)",44847931,484697809,0
7538851,Sint Olofsstraat,living_street,15,False,8.084,,,"LINESTRING (4.3516773 52.0110619, 4.3517953 52.0110586)",44847931,44847933,0
7538851,Sint Olofsstraat,living_street,15,False,8.084,,,"LINESTRING (4.3517953 52.0110586, 4.3516773 52.0110619)",44847933,44847931,0
7538851,Sint Olofsstraat,living_street,15,False,8.25,,,"LINESTRING (4.3517953 52.0110586, 4.3518686 52.0109997)",44847933,7600717222,0
7538456,Sint Olofslaan,living_street,15,False,41.411,,,"LINESTRING (4.3514912 52.0112038, 4.3519864 52.0114178)",44848878,6960648950,0
7538851,Sint Olofsstraat,living_street,15,False,6.25,,,"LINESTRING (4.3514912 52.0112038, 4.3515432 52.0111576)",44848878,484697809,0
7542110,Sint Olofsstraat,living_street,15,False,4.816,,,"LINESTRING (4.3514912 52.0112038, 4.3514221 52.011212)",44848878,484697759,0
7542089,Anna Beijerstraat,living_street,15,True,57.845,,,"LINESTRING (4.3497123 52.0113134, 4.350223 52.0108989)",44849285,44847480,0
7542159,Laan van Overvest,living_street,15,True,43.013,,,"LINESTRING (4.3497123 52.0113134, 4.3492019 52.0110877)",44849285,44847929,0
7542062,Eliza Dorusstraat,living_street,15,True,87.534,,,"LINESTRING (4.3512473 52.0113703, 4.350223 52.0108989)",44849727,44847480,0
7542110,Sint Olofsstraat,living_street,15,False,21.283,,,"LINESTRING (4.3512473 52.0113703, 4.3514221 52.011212)",44849727,484697759,0
40214071,Van Gaalenlaan,living_street,15,False,48.47,,,"LINESTRING (4.3512473 52.0113703, 4.3517921 52.0116488)",44849727,44850695,0
40214071,Van Gaalenlaan,living_street,15,False,48.47,,,"LINESTRING (4.3517921 52.0116488, 4.3512473 52.0113703)",44850695,44849727,0
40214071,Van Gaalenlaan,living_street,15,False,45.125,,,"LINESTRING (4.3517921 52.0116488, 4.3523962 52.0118114)",44850695,484689684,0
7538456,Sint Olofslaan,living_street,15,False,68.709,,,"LINESTRING (4.3528081 52.0117728, 4.3519864 52.0114178)",44851134,6960648950,0
526500460,Laan van Overvest,living_street,15,True,93.136,,,"LINESTRING (4.3521508 52.0124013, 4.351049 52.0119097)",44854275,7603678463,0
24168874,Van Renswoudestraat,living_street,15,True,59.541,,,"LINESTRING (4.3657515 52.0143887, 4.3664641 52.0146959)",44862224,620833174,0
7538275,Gerard van Loonstraat,living_street,15,True,22.744,,,"LINESTRING (4.3655638 52.0145575, 4.3657515 52.0143887)",44862551,44862224,0
7538722,Anna Boogerd,living_street,15,False,45.561,,,"LINESTRING (4.3562666 52.016687, 4.355897 52.0170278)",44871617,44872846,0
144081445,Anna Boogerd,living_street,15,False,18.417,,,"LINESTRING (4.3550678 52.0166773, 4.3549085 52.0168108)",44871803,44872134,0
144081445,Anna Boogerd,living_street,15,False,53.79,,,"LINESTRING (4.3549085 52.0168108, 4.3555564 52.0170847)",44872134,44873225,0
144081445,Anna Boogerd,living_street,15,False,18.417,,,"LINESTRING (4.3549085 52.0168108, 4.3550678 52.0166773)",44872134,44871803,0
7538538,Anna Boogerd,living_street,15,False,16.816,,,"LINESTRING (4.355694 52.0169594, 4.3555564 52.0170847)",44872478,44873225,0
7538538,Anna Boogerd,living_street,15,False,11.384,,,"LINESTRING (4.355694 52.0169594, 4.3558303 52.0170181)",44872478,2599554498,0
7538538,Anna Boogerd,living_street,15,False,4.69,,,"LINESTRING (4.355897 52.0170278, 4.3558303 52.0170181)",44872846,2599554498,0
7538716,Anna Boogerd,living_street,15,False,7.417,,,"LINESTRING (4.355897 52.0170278, 4.3559854 52.0170664)",44872846,2599554574,0
7538722,Anna Boogerd,living_street,15,False,45.561,,,"LINESTRING (4.355897 52.0170278, 4.3562666 52.016687)",44872846,44871617,0
7538538,Anna Boogerd,living_street,15,False,21.922,,,"LINESTRING (4.3555564 52.0170847, 4.3553679 52.0172441)",44873225,5509265896,0
7538538,Anna Boogerd,living_street,15,False,16.816,,,"LINESTRING (4.3555564 52.0170847, 4.355694 52.0169594)",44873225,44872478,0
144081445,Anna Boogerd,living_street,15,False,53.79,,,"LINESTRING (4.3555564 52.0170847, 4.3549085 52.0168108)",44873225,44872134,0
7538549,Kleine Boogerd,living_street,15,False,4.715,,,"LINESTRING (4.3562111 52.017161, 4.3562703 52.0171827)",44873227,44873602,0
7538549,Kleine Boogerd,living_street,15,False,21.442,,,"LINESTRING (4.3562111 52.017161, 4.3563891 52.0170023)",44873227,1575265436,0
7538716,Anna Boogerd,living_street,15,False,18.687,,,"LINESTRING (4.3562111 52.017161, 4.3559854 52.0170664)",44873227,2599554574,0
254135536,Vernieuwde Boogerd,living_street,15,False,23.364,,,"LINESTRING (4.3558119 52.0172238, 4.3560944 52.0173418)",44873599,7476418262,0
254135536,Vernieuwde Boogerd,living_street,15,False,21.149,,,"LINESTRING (4.3558119 52.0172238, 4.3559854 52.0170664)",44873599,2599554574,0
7538549,Kleine Boogerd,living_street,15,False,21.947,,,"LINESTRING (4.3562703 52.0171827, 4.3565356 52.0172936)",44873602,44873992,0
7538549,Kleine Boogerd,living_street,15,False,4.715,,,"LINESTRING (4.3562703 52.0171827, 4.3562111 52.017161)",44873602,44873227,0
7538550,Vernieuwde Boogerd,living_street,15,False,21.398,,,"LINESTRING (4.3562703 52.0171827, 4.3560944 52.0173418)",44873602,7476418262,0
7538538,Anna Boogerd,living_street,15,False,17.76,,,"LINESTRING (4.3553376 52.0172684, 4.3551866 52.0173983)",44873989,4017945060,0
7538538,Anna Boogerd,living_street,15,False,3.406,,,"LINESTRING (4.3553376 52.0172684, 4.3553679 52.0172441)",44873989,5509265896,0
7538540,Vernieuwde Boogerd,living_street,15,False,17.517,,,"LINESTRING (4.3553376 52.0172684, 4.3555497 52.0173566)",44873989,2599555328,0
7538524,Vernieuwde Boogerd,living_street,15,False,8.68,,,"LINESTRING (4.356189 52.0173813, 4.356119 52.0174464)",44873991,44874340,0
7538524,Vernieuwde Boogerd,living_street,15,False,1.124,,,"LINESTRING (4.356189 52.0173813, 4.3561979 52.0173728)",44873991,7476418266,0
254135536,Vernieuwde Boogerd,living_street,15,False,7.823,,,"LINESTRING (4.356189 52.0173813, 4.3560944 52.0173418)",44873991,7476418262,0
7538549,Kleine Boogerd,living_street,15,False,21.947,,,"LINESTRING (4.3565356 52.0172936, 4.3562703 52.0171827)",44873992,44873602,0
7538524,Vernieuwde Boogerd,living_street,15,False,13.251,,,"LINESTRING (4.356119 52.0174464, 4.356017 52.0175477)",44874340,44874703,0
7538524,Vernieuwde Boogerd,living_street,15,False,8.68,,,"LINESTRING (4.356119 52.0174464, 4.356189 52.0173813)",44874340,44873991,0
7538524,Vernieuwde Boogerd,living_street,15,False,21.577,,,"LINESTRING (4.356017 52.0175477, 4.3558335 52.0177055)",44874703,44875431,0
7538524,Vernieuwde Boogerd,living_street,15,False,13.251,,,"LINESTRING (4.356017 52.0175477, 4.356119 52.0174464)",44874703,44874340,0
7538540,Vernieuwde Boogerd,living_street,15,False,33.315,,,"LINESTRING (4.356017 52.0175477, 4.3556115 52.0173819)",44874703,4017944158,0
7538530,Vernieuwde Boogerd,living_street,15,False,33.946,,,"LINESTRING (4.3554219 52.0175351, 4.3558335 52.0177055)",44875057,44875431,0
7538524,Vernieuwde Boogerd,living_street,15,False,22.932,,,"LINESTRING (4.3558335 52.0177055, 4.3556362 52.0178722)",44875431,44875780,0
7538524,Vernieuwde Boogerd,living_street,15,False,21.577,,,"LINESTRING (4.3558335 52.0177055, 4.356017 52.0175477)",44875431,44874703,0
7538530,Vernieuwde Boogerd,living_street,15,False,33.946,,,"LINESTRING (4.3558335 52.0177055, 4.3554219 52.0175351)",44875431,44875057,0
7538524,Vernieuwde Boogerd,living_street,15,False,22.932,,,"LINESTRING (4.3556362 52.0178722, 4.3558335 52.0177055)",44875780,44875431,0
364437785,Koningsplein,living_street,15,False,59.751,,,"LINESTRING (4.3556362 52.0178722, 4.3565084 52.0178974)",44875780,1371031447,0
364437785,Koningsplein,living_street,15,False,55.13,,,"LINESTRING (4.3556362 52.0178722, 4.3549388 52.017624)",44875780,1371031431,0
364437785,Koningsplein,living_street,15,False,29.771,,,"LINESTRING (4.3569434 52.0179017, 4.3565084 52.0178974)",44876213,1371031447,0
24168874,Van Renswoudestraat,living_street,15,True,57.064,,,"LINESTRING (4.3650674 52.0140953, 4.3657515 52.0143887)",261773504,44862224,0
85619617,Pieter de Hooghstraat,living_street,15,False,10.652,,,"LINESTRING (4.3625085 52.0174846, 4.3623796 52.0174309)",285743579,5939631091,0
362653542,Pieter de Hooghstraat,living_street,15,False,8.263,,,"LINESTRING (4.3611366 52.0169043, 4.3612361 52.0169464)",285743580,3669193843,0
40214071,Van Gaalenlaan,living_street,15,False,45.125,,,"LINESTRING (4.3523962 52.0118114, 4.3517921 52.0116488)",484689684,44850695,0
40214704,Singelstraat,living_street,15,True,3.432,,,"LINESTRING (4.3516183 52.0104939, 4.3516588 52.0105121)",484697740,3391358332,0
40214704,Singelstraat,living_street,15,True,3.41,,,"LINESTRING (4.3518543 52.0105996, 4.3518944 52.0106178)",484697751,3391358333,0
7542110,Sint Olofsstraat,living_street,15,False,21.283,,,"LINESTRING (4.3514221 52.011212, 4.3512473 52.0113703)",484697759,44849727,0
7542110,Sint Olofsstraat,living_street,15,False,4.816,,,"LINESTRING (4.3514221 52.011212, 4.3514912 52.0112038)",484697759,44848878,0
40214704,Singelstraat,living_street,15,True,18.578,,,"LINESTRING (4.3514037 52.0103916, 4.3516183 52.0104939)",484697793,484697740,0
7538851,Sint Olofsstraat,living_street,15,False,6.25,,,"LINESTRING (4.3515432 52.0111576, 4.3514912 52.0112038)",484697809,44848878,0
7538851,Sint Olofsstraat,living_street,15,False,14.053,,,"LINESTRING (4.3515432 52.0111576, 4.3516773 52.0110619)",484697809,44847931,0
7538453,Paxlaan,living_street,15,False,15.676,,,"LINESTRING (4.3521203 52.0101091, 4.3523046 52.0101928)",484705811,7997973567,0
7538453,Paxlaan,living_street,15,False,55.54,,,"LINESTRING (4.3521203 52.0101091, 4.3514675 52.0098124)",484705811,484706104,0
40215144,Melkhof,living_street,15,False,18.394,,,"LINESTRING (4.3521203 52.0101091, 4.3522825 52.0099772)",484705811,484705817,0
40215144,Melkhof,living_street,15,False,18.394,,,"LINESTRING (4.3522825 52.0099772, 4.3521203 52.0101091)",484705817,484705811,0
7538453,Paxlaan,living_street,15,False,55.54,,,"LINESTRING (4.3514675 52.0098124, 4.3521203 52.0101091)",484706104,484705811,0
7538453,Paxlaan,living_street,15,False,39.823,,,"LINESTRING (4.3514675 52.0098124, 4.3509994 52.0095997)",484706104,44842009,0
40215152,Blekerhof,living_street,15,False,31.697,,,"LINESTRING (4.3530329 52.0101694, 4.3527591 52.0103993)",486605367,486605682,0
40214704,Singelstraat,living_street,15,True,93.622,,,"LINESTRING (4.3522203 52.0107656, 4.3533169 52.0112689)",486605436,44849286,0
7538453,Paxlaan,living_street,15,False,6.218,,,"LINESTRING (4.352686 52.0103661, 4.3527591 52.0103993)",486605455,486605682,0
7538453,Paxlaan,living_street,15,False,32.446,,,"LINESTRING (4.352686 52.0103661, 4.3523046 52.0101928)",486605455,7997973567,0
7538453,Paxlaan,living_street,15,False,50.719,,,"LINESTRING (4.3527591 52.0103993, 4.3533553 52.0106702)",486605682,3391358339,0
7538453,Paxlaan,living_street,15,False,6.218,,,"LINESTRING (4.3527591 52.0103993, 4.352686 52.0103661)",486605682,486605455,0
40215152,Blekerhof,living_street,15,False,31.697,,,"LINESTRING (4.3527591 52.0103993, 4.3530329 52.0101694)",486605682,486605367,0
7538876,Westerstraat,living_street,15,False,6.906,,,"LINESTRING (4.3544622 52.0073325, 4.3545402 52.0073719)",599022490,44831422,0
7538876,Westerstraat,living_street,15,False,23.201,,,"LINESTRING (4.3544622 52.0073325, 4.3541908 52.0072075)",599022490,7600717218,0
7538894,Nieuwe Schoolstraat,living_street,15,True,51.159,,,"LINESTRING (4.3544622 52.0073325, 4.3548734 52.0069483)",599022490,44829654,0
24168874,Van Renswoudestraat,living_street,15,True,2.001,,,"LINESTRING (4.3664641 52.0146959, 4.3664781 52.0147117)",620833174,2785842962,0
7538275,Gerard van Loonstraat,living_street,15,True,62.373,,,"LINESTRING (4.3663137 52.0148763, 4.3655638 52.0145575)",620833182,44862551,0
273759713,Gerard van Loonstraat,living_street,15,False,16.337,,,"LINESTRING (4.3663137 52.0148763, 4.3665183 52.014952)",620833182,1413911113,0
533055679,Professor van Itersonpad,living_street,5,False,6.435,,,"LINESTRING (4.3671817 52.0068236, 4.3672616 52.0068541)",629555893,6033220322,0
670487464,Professor Snijdersstraat,living_street,15,False,95.651,,,"LINESTRING (4.3671817 52.0068236, 4.3664314 52.0075493)",629555893,5198175608,0
533055679,Professor van Itersonpad,living_street,5,False,11.757,,,"LINESTRING (4.3679624 52.0071221, 4.3678165 52.0070663)",629555905,6033220312,0
223277536,Pootstraat,living_street,15,False,8.399,,,"LINESTRING (4.351613 52.0054899, 4.3517132 52.0055335)",1233552047,3114643445,0
223277536,Pootstraat,living_street,15,False,1.133,,,"LINESTRING (4.351613 52.0054899, 4.3515995 52.005484)",1233552047,3429293137,0
7539136,Raamstraat,living_street,15,False,58.012,,,"LINESTRING (4.352091 52.0050728, 4.3527854 52.0053719)",1233552049,44821573,0
7539136,Raamstraat,living_street,15,False,40.542,,,"LINESTRING (4.352091 52.0050728, 4.3516022 52.0048669)",1233552049,3114643441,0
364437785,Koningsplein,living_street,15,False,71.968,,,"LINESTRING (4.3540492 52.0172788, 4.3549388 52.017624)",1371031363,1371031431,0
7538538,Anna Boogerd,living_street,15,False,1.041,,,"LINESTRING (4.3551248 52.0174515, 4.3551164 52.0174593)",1371031398,4017944160,0
7538538,Anna Boogerd,living_street,15,False,7.272,,,"LINESTRING (4.3551248 52.0174515, 4.3551866 52.0173983)",1371031398,4017945060,0
7538538,Anna Boogerd,living_street,15,False,21.98,,,"LINESTRING (4.3549388 52.017624, 4.3551164 52.0174593)",1371031431,4017944160,0
364437785,Koningsplein,living_street,15,False,55.13,,,"LINESTRING (4.3549388 52.017624, 4.3556362 52.0178722)",1371031431,44875780,0
364437785,Koningsplein,living_street,15,False,71.968,,,"LINESTRING (4.3549388 52.017624, 4.3540492 52.0172788)",1371031431,1371031363,0
364437785,Koningsplein,living_street,15,False,29.771,,,"LINESTRING (4.3565084 52.0178974, 4.3569434 52.0179017)",1371031447,44876213,0
364437785,Koningsplein,living_street,15,False,59.751,,,"LINESTRING (4.3565084 52.0178974, 4.3556362 52.0178722)",1371031447,44875780,0
273759713,Gerard van Loonstraat,living_street,15,False,16.337,,,"LINESTRING (4.3665183 52.014952, 4.3663137 52.0148763)",1413911113,620833182,0
255576461,Zuiderstraat,living_street,15,False,38.828,,,"LINESTRING (4.368024 52.0108508, 4.3675837 52.0106306)",1436427174,4888532139,0
139613909,Klooster,living_street,15,False,22.677,,,"LINESTRING (4.3661302 52.0100524, 4.3659412 52.0102199)",1530303594,1530303598,0
255576461,Zuiderstraat,living_street,15,False,3.658,,,"LINESTRING (4.3661302 52.0100524, 4.3661816 52.0100614)",1530303594,6388220538,0
255576461,Zuiderstraat,living_street,15,False,79.816,,,"LINESTRING (4.3661302 52.0100524, 4.3651607 52.0096535)",1530303594,2612573901,0
7538205,Vijverstraat,living_street,15,False,72.421,,,"LINESTRING (4.3659412 52.0102199, 4.3668231 52.0105798)",1530303598,44846114,0
139613909,Klooster,living_street,15,False,8.04,,,"LINESTRING (4.3659412 52.0102199, 4.3658677 52.0102763)",1530303598,1823299604,0
139613909,Klooster,living_street,15,False,22.677,,,"LINESTRING (4.3659412 52.0102199, 4.3661302 52.0100524)",1530303598,1530303594,0
139613909,Klooster,living_street,15,False,3.568,,,"LINESTRING (4.3656884 52.0104609, 4.365694 52.010429)",1530303600,2599527278,0
174744965,Anthracietplaats,living_street,15,False,9.89,,,"LINESTRING (4.363894 52.0063085, 4.3639396 52.0063929)",1569648456,1854067403,0
7538549,Kleine Boogerd,living_street,15,False,21.442,,,"LINESTRING (4.3563891 52.0170023, 4.3562111 52.017161)",1575265436,44873227,0
7538549,Kleine Boogerd,living_street,15,False,3.575,,,"LINESTRING (4.3563891 52.0170023, 4.3564326 52.0170201)",1575265436,4017942937,0
7538549,Kleine Boogerd,living_street,15,False,23.838,,,"LINESTRING (4.3567218 52.0171396, 4.3564326 52.0170201)",1575265438,4017942937,0
223277536,Pootstraat,living_street,15,False,3.031,,,"LINESTRING (4.3541633 52.0066109, 4.3541681 52.006638)",1783815630,44828193,0
223277536,Pootstraat,living_street,15,False,7.612,,,"LINESTRING (4.3541633 52.0066109, 4.3540727 52.0065712)",1783815630,5598012835,0
223277536,Pootstraat,living_street,15,False,6.935,,,"LINESTRING (4.3539902 52.006535, 4.3540727 52.0065712)",1783815670,5598012835,0
223277536,Pootstraat,living_street,15,False,50.304,,,"LINESTRING (4.3539902 52.006535, 4.3533905 52.0062735)",1783815670,44825833,0
7538475,Raamstraat,living_street,15,False,46.238,,,"LINESTRING (4.3548169 52.0062643, 4.3542685 52.0060215)",1783815671,3114643455,0
7538475,Raamstraat,living_street,15,False,6.542,,,"LINESTRING (4.3548169 52.0062643, 4.3548957 52.0062976)",1783815671,1783815675,0
7538475,Raamstraat,living_street,15,False,6.542,,,"LINESTRING (4.3548957 52.0062976, 4.3548169 52.0062643)",1783815675,1783815671,0
7538475,Raamstraat,living_street,15,False,34.937,,,"LINESTRING (4.3548957 52.0062976, 4.3552945 52.0064937)",1783815675,4361406519,0
139613909,Klooster,living_street,15,False,20.728,,,"LINESTRING (4.3658677 52.0102763, 4.365694 52.010429)",1823299604,2599527278,0
139613909,Klooster,living_street,15,False,8.04,,,"LINESTRING (4.3658677 52.0102763, 4.3659412 52.0102199)",1823299604,1530303598,0
174743972,Anthracietplaats,living_street,15,False,12.941,,,"LINESTRING (4.3637729 52.0064478, 4.3639396 52.0063929)",1854067401,1854067403,0
174743972,Anthracietplaats,living_street,15,False,3.833,,,"LINESTRING (4.3637729 52.0064478, 4.363724 52.0064646)",1854067401,7646195081,0
174743972,Anthracietplaats,living_street,15,False,12.941,,,"LINESTRING (4.3639396 52.0063929, 4.3637729 52.0064478)",1854067403,1854067401,0
174744965,Anthracietplaats,living_street,15,False,9.89,,,"LINESTRING (4.3639396 52.0063929, 4.363894 52.0063085)",1854067403,1569648456,0
682306449,Anthracietplaats,living_street,15,False,16.333,,,"LINESTRING (4.3639396 52.0063929, 4.3641582 52.0064518)",1854067403,6961318051,0
174743972,Anthracietplaats,living_street,15,False,7.448,,,"LINESTRING (4.3636527 52.0065152, 4.363724 52.0064646)",1854067404,7646195081,0
682306449,Anthracietplaats,living_street,15,False,3.608,,,"LINESTRING (4.3642028 52.0064691, 4.3641582 52.0064518)",1854067405,6961318051,0
7538876,Westerstraat,living_street,15,False,1.663,,,"LINESTRING (4.3541714 52.0071985, 4.3541908 52.0072075)",2162745762,7600717218,0
7538876,Westerstraat,living_street,15,False,36.12,,,"LINESTRING (4.3541714 52.0071985, 4.353749 52.0070038)",2162745762,44830130,0
223277536,Pootstraat,living_street,15,False,3.074,,,"LINESTRING (4.3530517 52.0061248, 4.3530882 52.0061409)",2321923796,2321963602,0
223277536,Pootstraat,living_street,15,False,9.455,,,"LINESTRING (4.3530517 52.0061248, 4.3529408 52.0060741)",2321923796,44825207,0
223277536,Pootstraat,living_street,15,False,11.098,,,"LINESTRING (4.3528092 52.0060158, 4.3529408 52.0060741)",2321923803,44825207,0
223277536,Pootstraat,living_street,15,False,39.967,,,"LINESTRING (4.3528092 52.0060158, 4.352339 52.0058027)",2321923803,44823645,0
223277536,Pootstraat,living_street,15,False,26.449,,,"LINESTRING (4.3505713 52.0050413, 4.3508911 52.0051748)",2321923805,44820010,0
7539136,Raamstraat,living_street,15,False,29.92,,,"LINESTRING (4.3534953 52.0056767, 4.3538427 52.00584)",2321963601,44823646,0
7539136,Raamstraat,living_street,15,False,59.245,,,"LINESTRING (4.3534953 52.0056767, 4.3527854 52.0053719)",2321963601,44821573,0
223277536,Pootstraat,living_street,15,False,25.408,,,"LINESTRING (4.3530882 52.0061409, 4.3533905 52.0062735)",2321963602,44825833,0
223277536,Pootstraat,living_street,15,False,3.074,,,"LINESTRING (4.3530882 52.0061409, 4.3530517 52.0061248)",2321963602,2321923796,0
517762044,Westerstraat,living_street,15,True,17.555,,,"LINESTRING (4.3547484 52.0074641, 4.3545402 52.0073719)",2432876962,44831422,0
517762044,Westerstraat,living_street,15,True,31.453,,,"LINESTRING (4.3551147 52.0076349, 4.3547484 52.0074641)",2432876965,2432876962,0
139613909,Klooster,living_street,15,False,3.568,,,"LINESTRING (4.365694 52.010429, 4.3656884 52.0104609)",2599527278,1530303600,0
139613909,Klooster,living_street,15,False,20.728,,,"LINESTRING (4.365694 52.010429, 4.3658677 52.0102763)",2599527278,1823299604,0
7538538,Anna Boogerd,living_street,15,False,11.384,,,"LINESTRING (4.3558303 52.0170181, 4.355694 52.0169594)",2599554498,44872478,0
7538538,Anna Boogerd,living_street,15,False,4.69,,,"LINESTRING (4.3558303 52.0170181, 4.355897 52.0170278)",2599554498,44872846,0
7538716,Anna Boogerd,living_street,15,False,18.687,,,"LINESTRING (4.3559854 52.0170664, 4.3562111 52.017161)",2599554574,44873227,0
7538716,Anna Boogerd,living_street,15,False,7.417,,,"LINESTRING (4.3559854 52.0170664, 4.355897 52.0170278)",2599554574,44872846,0
254135536,Vernieuwde Boogerd,living_street,15,False,21.149,,,"LINESTRING (4.3559854 52.0170664, 4.3558119 52.0172238)",2599554574,44873599,0
7538540,Vernieuwde Boogerd,living_street,15,False,5.079,,,"LINESTRING (4.3555497 52.0173566, 4.3556115 52.0173819)",2599555328,4017944158,0
7538540,Vernieuwde Boogerd,living_street,15,False,17.517,,,"LINESTRING (4.3555497 52.0173566, 4.3553376 52.0172684)",2599555328,44873989,0
7539218,Van Bleyswijckstraat,living_street,15,False,36.603,,,"LINESTRING (4.3518683 52.0062084, 4.3515676 52.0064806)",2610929404,44827059,0
7539218,Van Bleyswijckstraat,living_street,15,False,6.896,,,"LINESTRING (4.3518683 52.0062084, 4.3519518 52.0061737)",2610929404,44825205,0
255576461,Zuiderstraat,living_street,15,False,79.816,,,"LINESTRING (4.3651607 52.0096535, 4.3661302 52.0100524)",2612573901,1530303594,0
24168874,Van Renswoudestraat,living_street,15,True,2.025,,,"LINESTRING (4.3664781 52.0147117, 4.366479 52.0147299)",2785842962,2785842964,0
24168874,Van Renswoudestraat,living_street,15,True,2.404,,,"LINESTRING (4.366479 52.0147299, 4.3664649 52.0147497)",2785842964,2785842966,0
24168874,Van Renswoudestraat,living_street,15,True,17.471,,,"LINESTRING (4.3664649 52.0147497, 4.3663137 52.0148763)",2785842966,620833182,0
223277536,Pootstraat,living_street,15,False,24.726,,,"LINESTRING (4.3511486 52.0052879, 4.3514426 52.0054171)",3114641823,44821572,0
223277536,Pootstraat,living_street,15,False,21.653,,,"LINESTRING (4.3511486 52.0052879, 4.3508911 52.0051748)",3114641823,44820010,0
7539136,Raamstraat,living_street,15,False,40.542,,,"LINESTRING (4.3516022 52.0048669, 4.352091 52.0050728)",3114643441,1233552049,0
223277536,Pootstraat,living_street,15,False,19.052,,,"LINESTRING (4.3517132 52.0055335, 4.3519406 52.0056323)",3114643445,44822489,0
223277536,Pootstraat,living_street,15,False,8.399,,,"LINESTRING (4.3517132 52.0055335, 4.351613 52.0054899)",3114643445,1233552047,0
7541687,Carthuyzerstraat,living_street,15,False,6.535,,,"LINESTRING (4.3516053 52.0059571, 4.3515541 52.0060067)",3114643446,44824147,0
7541687,Carthuyzerstraat,living_street,15,False,42.792,,,"LINESTRING (4.3516053 52.0059571, 4.3519406 52.0056323)",3114643446,44822489,0
7541687,Carthuyzerstraat,living_street,15,False,24.663,,,"LINESTRING (4.3510826 52.0063965, 4.3508762 52.0065783)",3114643449,44827614,0
7541687,Carthuyzerstraat,living_street,15,False,11.71,,,"LINESTRING (4.3510826 52.0063965, 4.3511818 52.0063107)",3114643449,44826460,0
7541818,Hoornsestraat,living_street,15,False,16.748,,,"LINESTRING (4.350676 52.0064917, 4.3508762 52.0065783)",3114643451,44827614,0
7541818,Hoornsestraat,living_street,15,False,27.803,,,"LINESTRING (4.350676 52.0064917, 4.3503437 52.0063479)",3114643451,44826459,0
7538475,Raamstraat,living_street,15,False,35.451,,,"LINESTRING (4.3542685 52.0060215, 4.3538427 52.00584)",3114643455,44823646,0
7538475,Raamstraat,living_street,15,False,46.238,,,"LINESTRING (4.3542685 52.0060215, 4.3548169 52.0062643)",3114643455,1783815671,0
40214704,Singelstraat,living_street,15,True,16.544,,,"LINESTRING (4.3516588 52.0105121, 4.3518543 52.0105996)",3391358332,484697751,0
40214704,Singelstraat,living_street,15,True,24.426,,,"LINESTRING (4.3518944 52.0106178, 4.3521816 52.0107482)",3391358333,44846574,0
7538453,Paxlaan,living_street,15,False,4.844,,,"LINESTRING (4.3533553 52.0106702, 4.3534122 52.0106961)",3391358339,44846575,0
7538453,Paxlaan,living_street,15,False,50.719,,,"LINESTRING (4.3533553 52.0106702, 4.3527591 52.0103993)",3391358339,486605682,0
7541729,Justus van Schoonhovenstraat,living_street,15,False,0.454,,,"LINESTRING (4.3505208 52.0061979, 4.3505169 52.0062012)",3429293130,3429293132,0
7541729,Justus van Schoonhovenstraat,living_street,15,False,46.101,,,"LINESTRING (4.3505208 52.0061979, 4.3509167 52.0058625)",3429293130,3429293136,0
7541729,Justus van Schoonhovenstraat,living_street,15,False,20.165,,,"LINESTRING (4.3505169 52.0062012, 4.3503437 52.0063479)",3429293132,44826459,0
7541729,Justus van Schoonhovenstraat,living_street,15,False,0.454,,,"LINESTRING (4.3505169 52.0062012, 4.3505208 52.0061979)",3429293132,3429293130,0
7541729,Justus van Schoonhovenstraat,living_street,15,False,46.101,,,"LINESTRING (4.3509167 52.0058625, 4.3505208 52.0061979)",3429293136,3429293130,0
7541729,Justus van Schoonhovenstraat,living_street,15,False,61.227,,,"LINESTRING (4.3509167 52.0058625, 4.3514426 52.0054171)",3429293136,44821572,0
223277536,Pootstraat,living_street,15,False,1.133,,,"LINESTRING (4.3515995 52.005484, 4.351613 52.0054899)",3429293137,1233552047,0
223277536,Pootstraat,living_street,15,False,13.065,,,"LINESTRING (4.3515995 52.005484, 4.3514426 52.0054171)",3429293137,44821572,0
7538464,Plateelstraat,living_street,15,False,63.67,,,"LINESTRING (4.3518827 52.0066169, 4.3526439 52.006946)",3517598648,44829651,0
7538464,Plateelstraat,living_street,15,False,26.361,,,"LINESTRING (4.3518827 52.0066169, 4.3515676 52.0064806)",3517598648,44827059,0
7538478,Graswinckelstraat,living_street,15,False,61.818,,,"LINESTRING (4.3524517 52.0071217, 4.3519503 52.0075841)",3517598653,44832711,0
7538478,Graswinckelstraat,living_street,15,False,23.553,,,"LINESTRING (4.3524517 52.0071217, 4.3526439 52.006946)",3517598653,44829651,0
7539157,Van Bleyswijckstraat,living_street,15,False,22.54,,,"LINESTRING (4.352976 52.0052066, 4.3527854 52.0053719)",3517599525,44821573,0
7539157,Van Bleyswijckstraat,living_street,15,False,22.186,,,"LINESTRING (4.352976 52.0052066, 4.353162 52.0050432)",3517599525,44819450,0
362653542,Pieter de Hooghstraat,living_street,15,False,8.263,,,"LINESTRING (4.3612361 52.0169464, 4.3611366 52.0169043)",3669193843,285743580,0
362653543,Pieter de Hooghstraat,living_street,15,False,17.886,building_passage,,"LINESTRING (4.3612361 52.0169464, 4.3614515 52.0170375)",3669193843,3669193844,0
85619617,Pieter de Hooghstraat,living_street,15,False,77.119,,,"LINESTRING (4.3614515 52.0170375, 4.3623796 52.0174309)",3669193844,5939631091,0
362653543,Pieter de Hooghstraat,living_street,15,False,17.886,building_passage,,"LINESTRING (4.3614515 52.0170375, 4.3612361 52.0169464)",3669193844,3669193843,0
7538549,Kleine Boogerd,living_street,15,False,3.575,,,"LINESTRING (4.3564326 52.0170201, 4.3563891 52.0170023)",4017942937,1575265436,0
7538549,Kleine Boogerd,living_street,15,False,23.838,,,"LINESTRING (4.3564326 52.0170201, 4.3567218 52.0171396)",4017942937,1575265438,0
399058570,Kleine Boogerd,living_street,15,False,23.744,,,"LINESTRING (4.3564326 52.0170201, 4.3566245 52.0168422)",4017942937,4017942939,0
399058570,Kleine Boogerd,living_street,15,False,23.744,,,"LINESTRING (4.3566245 52.0168422, 4.3564326 52.0170201)",4017942939,4017942937,0
7538540,Vernieuwde Boogerd,living_street,15,False,33.315,,,"LINESTRING (4.3556115 52.0173819, 4.356017 52.0175477)",4017944158,44874703,0
7538540,Vernieuwde Boogerd,living_street,15,False,5.079,,,"LINESTRING (4.3556115 52.0173819, 4.3555497 52.0173566)",4017944158,2599555328,0
7538538,Anna Boogerd,living_street,15,False,21.98,,,"LINESTRING (4.3551164 52.0174593, 4.3549388 52.017624)",4017944160,1371031431,0
7538538,Anna Boogerd,living_street,15,False,1.041,,,"LINESTRING (4.3551164 52.0174593, 4.3551248 52.0174515)",4017944160,1371031398,0
7538538,Anna Boogerd,living_street,15,False,7.272,,,"LINESTRING (4.3551866 52.0173983, 4.3551248 52.0174515)",4017945060,1371031398,0
7538538,Anna Boogerd,living_street,15,False,17.76,,,"LINESTRING (4.3551866 52.0173983, 4.3553376 52.0172684)",4017945060,44873989,0
517762042,Raamstraat,living_street,15,False,4.739,,,"LINESTRING (4.3555589 52.0066086, 4.3554998 52.0065864)",4301397893,44828198,0
7538475,Raamstraat,living_street,15,False,34.937,,,"LINESTRING (4.3552945 52.0064937, 4.3548957 52.0062976)",4361406519,1783815675,0
7538475,Raamstraat,living_street,15,False,6.683,,,"LINESTRING (4.3552945 52.0064937, 4.3553708 52.0065312)",4361406519,44827063,0
255576461,Zuiderstraat,living_street,15,False,38.828,,,"LINESTRING (4.3675837 52.0106306, 4.368024 52.0108508)",4888532139,1436427174,0
255576461,Zuiderstraat,living_street,15,False,9.505,,,"LINESTRING (4.3675837 52.0106306, 4.3674573 52.0105952)",4888532139,6388220540,0
517762044,Westerstraat,living_street,15,True,29.481,,,"LINESTRING (4.3554569 52.0077959, 4.3551147 52.0076349)",5052016684,2432876965,0
633468202,Professor Schermerhornstraat,living_street,15,True,12.275,,roundabout,"LINESTRING (4.367873 52.0072178, 4.3679624 52.0071221)",5172032048,629555905,0
670487464,Professor Snijdersstraat,living_street,15,False,95.651,,,"LINESTRING (4.3664314 52.0075493, 4.3671817 52.0068236)",5198175608,629555893,0
7541818,Hoornsestraat,living_street,15,False,20.319,,,"LINESTRING (4.3510265 52.0066429, 4.3512698 52.0067476)",5326073782,44828699,0
7541818,Hoornsestraat,living_street,15,False,12.547,,,"LINESTRING (4.3510265 52.0066429, 4.3508762 52.0065783)",5326073782,44827614,0
7538538,Anna Boogerd,living_street,15,False,3.406,,,"LINESTRING (4.3553679 52.0172441, 4.3553376 52.0172684)",5509265896,44873989,0
7538538,Anna Boogerd,living_street,15,False,21.922,,,"LINESTRING (4.3553679 52.0172441, 4.3555564 52.0170847)",5509265896,44873225,0
223277536,Pootstraat,living_street,15,False,7.612,,,"LINESTRING (4.3540727 52.0065712, 4.3541633 52.0066109)",5598012835,1783815630,0
223277536,Pootstraat,living_street,15,False,6.935,,,"LINESTRING (4.3540727 52.0065712, 4.3539902 52.006535)",5598012835,1783815670,0
7538453,Paxlaan,living_street,15,False,4.319,,,"LINESTRING (4.3537084 52.0108283, 4.3537596 52.010851)",5643859399,44847481,0
7538453,Paxlaan,living_street,15,False,25.041,,,"LINESTRING (4.3537084 52.0108283, 4.3534122 52.0106961)",5643859399,44846575,0
85619617,Pieter de Hooghstraat,living_street,15,False,77.119,,,"LINESTRING (4.3623796 52.0174309, 4.3614515 52.0170375)",5939631091,3669193844,0
85619617,Pieter de Hooghstraat,living_street,15,False,10.652,,,"LINESTRING (4.3623796 52.0174309, 4.3625085 52.0174846)",5939631091,285743579,0
533055679,Professor van Itersonpad,living_street,5,False,16.828,,,"LINESTRING (4.3676077 52.0069864, 4.3678165 52.0070663)",6033220311,6033220312,0
533055679,Professor van Itersonpad,living_street,5,False,17.796,,,"LINESTRING (4.3676077 52.0069864, 4.3673868 52.006902)",6033220311,6033220325,0
533055679,Professor van Itersonpad,living_street,5,False,11.757,,,"LINESTRING (4.3678165 52.0070663, 4.3679624 52.0071221)",6033220312,629555905,0
533055679,Professor van Itersonpad,living_street,5,False,16.828,,,"LINESTRING (4.3678165 52.0070663, 4.3676077 52.0069864)",6033220312,6033220311,0
533055679,Professor van Itersonpad,living_street,5,False,10.09,,,"LINESTRING (4.3672616 52.0068541, 4.3673868 52.006902)",6033220322,6033220325,0
533055679,Professor van Itersonpad,living_street,5,False,6.435,,,"LINESTRING (4.3672616 52.0068541, 4.3671817 52.0068236)",6033220322,629555893,0
533055679,Professor van Itersonpad,living_street,5,False,17.796,,,"LINESTRING (4.3673868 52.006902, 4.3676077 52.0069864)",6033220325,6033220311,0
533055679,Professor van Itersonpad,living_street,5,False,10.09,,,"LINESTRING (4.3673868 52.006902, 4.3672616 52.0068541)",6033220325,6033220322,0
255576461,Zuiderstraat,living_street,15,False,14.533,,,"LINESTRING (4.3661816 52.0100614, 4.3663604 52.0101319)",6388220538,6388220539,0
255576461,Zuiderstraat,living_street,15,False,3.658,,,"LINESTRING (4.3661816 52.0100614, 4.3661302 52.0100524)",6388220538,1530303594,0
255576461,Zuiderstraat,living_street,15,False,54.117,,,"LINESTRING (4.3663604 52.0101319, 4.3670112 52.0104083)",6388220539,44845277,0
255576461,Zuiderstraat,living_street,15,False,14.533,,,"LINESTRING (4.3663604 52.0101319, 4.3661816 52.0100614)",6388220539,6388220538,0
255576461,Zuiderstraat,living_street,15,False,9.505,,,"LINESTRING (4.3674573 52.0105952, 4.3675837 52.0106306)",6388220540,4888532139,0
255576461,Zuiderstraat,living_street,15,False,36.934,,,"LINESTRING (4.3674573 52.0105952, 4.3670112 52.0104083)",6388220540,44845277,0
7538456,Sint Olofslaan,living_street,15,False,68.709,,,"LINESTRING (4.3519864 52.0114178, 4.3528081 52.0117728)",6960648950,44851134,0
7538456,Sint Olofslaan,living_street,15,False,41.411,,,"LINESTRING (4.3519864 52.0114178, 4.3514912 52.0112038)",6960648950,44848878,0
682306449,Anthracietplaats,living_street,15,False,3.608,,,"LINESTRING (4.3641582 52.0064518, 4.3642028 52.0064691)",6961318051,1854067405,0
682306449,Anthracietplaats,living_street,15,False,16.333,,,"LINESTRING (4.3641582 52.0064518, 4.3639396 52.0063929)",6961318051,1854067403,0
7538550,Vernieuwde Boogerd,living_street,15,False,21.398,,,"LINESTRING (4.3560944 52.0173418, 4.3562703 52.0171827)",7476418262,44873602,0
254135536,Vernieuwde Boogerd,living_street,15,False,7.823,,,"LINESTRING (4.3560944 52.0173418, 4.356189 52.0173813)",7476418262,44873991,0
254135536,Vernieuwde Boogerd,living_street,15,False,23.364,,,"LINESTRING (4.3560944 52.0173418, 4.3558119 52.0172238)",7476418262,44873599,0
7538524,Vernieuwde Boogerd,living_street,15,False,1.124,,,"LINESTRING (4.3561979 52.0173728, 4.356189 52.0173813)",7476418266,44873991,0
7538876,Westerstraat,living_street,15,False,23.201,,,"LINESTRING (4.3541908 52.0072075, 4.3544622 52.0073325)",7600717218,599022490,0
7538876,Westerstraat,living_street,15,False,1.663,,,"LINESTRING (4.3541908 52.0072075, 4.3541714 52.0071985)",7600717218,2162745762,0
7538851,Sint Olofsstraat,living_street,15,False,8.25,,,"LINESTRING (4.3518686 52.0109997, 4.3517953 52.0110586)",7600717222,44847933,0
7538851,Sint Olofsstraat,living_street,15,False,35.228,,,"LINESTRING (4.3518686 52.0109997, 4.3521816 52.0107482)",7600717222,44846574,0
526500460,Laan van Overvest,living_street,15,True,112.986,,,"LINESTRING (4.351049 52.0119097, 4.3497123 52.0113134)",7603678463,44849285,0
174743972,Anthracietplaats,living_street,15,False,3.833,,,"LINESTRING (4.363724 52.0064646, 4.3637729 52.0064478)",7646195081,1854067401,0
174743972,Anthracietplaats,living_street,15,False,7.448,,,"LINESTRING (4.363724 52.0064646, 4.3636527 52.0065152)",7646195081,1854067404,0
7538453,Paxlaan,living_street,15,False,32.446,,,"LINESTRING (4.3523046 52.0101928, 4.352686 52.0103661)",7997973567,486605455,0
7538453,Paxlaan,living_street,15,False,15.676,,,"LINESTRING (4.3523046 52.0101928, 4.3521203 52.0101091)",7997973567,484705811,0
