osmid,oneway,name,highway,maxspeed,length,geometry,u,v,key
99801922,True,Avenue Félix Marchal - Félix Marchallaan,living_street,20,6.645,"LINESTRING (4.3933894 50.8501293, 4.3934794 50.8501108)",1153692101,1838220095,0
99801922,True,Avenue Félix Marchal - Félix Marchallaan,living_street,20,18.729,"LINESTRING (4.3937255 50.8499594, 4.3939165 50.8498418)",1838219365,1838220825,0
99801922,True,Avenue Félix Marchal - Félix Marchallaan,living_street,20,24.123,"LINESTRING (4.3934794 50.8501108, 4.3937255 50.8499594)",1838220095,1838219365,0
99801922,True,Avenue Félix Marchal - Félix Marchallaan,living_street,20,3.783,"LINESTRING (4.3939165 50.8498418, 4.3939643 50.8498261)",1838220825,6069008264,0
40645851,True,Rue Jacques Jansen - Jacques Jansenstraat,living_street,20,7.09,"LINESTRING (4.3882659 50.8533592, 4.3883667 50.8533632)",5091762179,5091762180,0
40645851,True,Rue Jacques Jansen - Jacques Jansenstraat,living_street,20,6.354,"LINESTRING (4.3883667 50.8533632, 4.3884324 50.8534025)",5091762180,6502103968,0
40645851,True,Rue Jacques Jansen - Jacques Jansenstraat,living_street,20,5.496,"LINESTRING (4.3888388 50.8536345, 4.3888869 50.8536735)",5651401607,159635851,0
99801922,True,Avenue Félix Marchal - Félix Marchallaan,living_street,20,3.751,"LINESTRING (4.3939643 50.8498261, 4.3940158 50.8498171)",6069008264,139729697,0
40645851,True,Rue Jacques Jansen - Jacques Jansenstraat,living_street,20,28.83,"LINESTRING (4.3884324 50.8534025, 4.3887373 50.8535762)",6502103968,6502103976,0
40645851,True,Rue Jacques Jansen - Jacques Jansenstraat,living_street,20,9.633,"LINESTRING (4.3887373 50.8535762, 4.3888388 50.8536345)",6502103976,5651401607,0
