osmid,oneway,lanes,name,highway,maxspeed,width,length,geometry,u,v,key
440740427,True,1,Carrer de Roc Boronat,living_street,20,3,22.368,"LINESTRING (2.1938555 41.4032723, 2.1940418 41.4031276)",365565831,1829944851,0
251551137,True,1,Carrer de Sancho de Ávila,living_street,10,3,18.451,"LINESTRING (2.1927285 41.4007043, 2.1928824 41.4008235)",506223345,4411622705,0
440740425,True,1,Carrer de Roc Boronat,living_street,20,3,2.795,"LINESTRING (2.1951039 41.4022935, 2.1951277 41.4022758)",506223372,8122247191,0
440740427,True,1,Carrer de Roc Boronat,living_street,20,3,9.758,"LINESTRING (2.1946793 41.4026387, 2.1947564 41.4025727)",1829944834,8122247192,0
440740427,True,1,Carrer de Roc Boronat,living_street,20,3,51.86,"LINESTRING (2.1940418 41.4031276, 2.1944766 41.4027942)",1829944851,8279041071,0
273302701,True,1,Carrer de Roc Boronat,living_street,20,3,40.657,"LINESTRING (2.1964841 41.401294, 2.1967921 41.4010106)",2238485654,5292097085,0
237521095,True,1,Carrer de la Ciutat de Granada,living_street,10,3,53.979,"LINESTRING (2.1956172 41.4002322, 2.1951607 41.4005763)",2291722043,8122048085,0
237521095,True,1,Carrer de la Ciutat de Granada,living_street,10,3,18.758,"LINESTRING (2.1960961 41.3998712, 2.1959375 41.3999908)",2454108931,4385541146,0
703248212,True,1,Carrer de Sancho de Ávila,living_street,10,3,67.506,"LINESTRING (2.1929053 41.4008413, 2.1934667 41.4012786)",3105279331,5764725037,0
440740420,True,1,Carrer de la Ciutat de Granada,living_street,10,3,34.095,"LINESTRING (2.1942375 41.40127, 2.1945232 41.4010507)",3105279831,4385782226,0
440740420,True,1,Carrer de la Ciutat de Granada,living_street,10,3,24.535,"LINESTRING (2.1940319 41.4014278, 2.1942375 41.40127)",3105280632,3105279831,0
440740421,True,1,Carrer dels Almogàvers,living_street,10,3,10.315,"LINESTRING (2.1948665 41.4006273, 2.1947761 41.400564)",3105288430,8122048083,0
440740421,True,1,Carrer dels Almogàvers,living_street,10,3,3.913,"LINESTRING (2.19407 41.3999985, 2.1940336 41.3999763)",3105288631,8122048087,0
237521108,True,1,Carrer dels Almogàvers,living_street,10,3,20.47,"LINESTRING (2.1951604 41.4008552, 2.1953387 41.4009817)",3797264994,5764727139,0
440740420,True,1,Carrer de la Ciutat de Granada,living_street,10,3,2.141,"LINESTRING (2.194014 41.4014416, 2.1940319 41.4014278)",4384580710,3105280632,0
440680382,True,1,Carrer de la Ciutat de Granada,living_street,10,3,2.82,"LINESTRING (2.1936827 41.4017234, 2.1936593 41.4017417)",4384580712,8122247195,0
440788954,True,1,,living_street,10,3,27.093,"LINESTRING (2.1936893 41.4014485, 2.194014 41.4014416)",4385152383,4384580710,0
440788956,True,1,,living_street,10,3,28.72,"LINESTRING (2.1940269 41.401716, 2.1936827 41.4017234)",4385152384,4384580712,0
440788937,True,,Carrer de Roc Boronat,living_street,20,,19.641,"LINESTRING (2.1947964 41.4025416, 2.1949567 41.4024122)",4385152385,4385601469,0
440788962,True,1,,living_street,10,3,24.589,"LINESTRING (2.1947964 41.4025416, 2.1948353 41.4023224)",4385152385,4385152387,0
440680377,True,1,Carrer de Sancho de Ávila,living_street,10,3,6.156,"LINESTRING (2.1948353 41.4023224, 2.194784 41.4022826)",4385152387,8122247193,0
440788965,True,1,,living_street,10,3,28.82,"LINESTRING (2.1951335 41.4005968, 2.1951604 41.4008552)",4385152489,3797264994,0
440740423,True,1,,living_street,10,3,18.838,"LINESTRING (2.1948551 41.4007965, 2.1948665 41.4006273)",4385152491,3105288430,0
440788951,True,1,,living_street,10,3,17.462,"LINESTRING (2.1959563 41.4014407, 2.196104 41.401552)",4385152494,4385152495,0
440788939,True,,Carrer de Roc Boronat,living_street,20,,15.46,"LINESTRING (2.1958791 41.4017178, 2.1959992 41.4016119)",4385152497,5764726550,0
237521095,True,1,Carrer de la Ciutat de Granada,living_street,10,3,2.589,"LINESTRING (2.1959375 41.3999908, 2.1959156 41.4000073)",4385541146,4385914977,0
440788939,True,,Carrer de Roc Boronat,living_street,20,,5.124,"LINESTRING (2.1960518 41.4015763, 2.196104 41.401552)",4385601467,4385152495,0
440788937,True,,Carrer de Roc Boronat,living_street,20,,18.026,"LINESTRING (2.1949567 41.4024122, 2.1951039 41.4022935)",4385601469,506223372,0
440740420,True,1,Carrer de la Ciutat de Granada,living_street,10,3,26.568,"LINESTRING (2.1945232 41.4010507, 2.1947458 41.4008798)",4385782226,8122048084,0
237521095,True,1,Carrer de la Ciutat de Granada,living_street,10,3,35.283,"LINESTRING (2.1959156 41.4000073, 2.1956172 41.4002322)",4385914977,2291722043,0
703248212,True,1,Carrer de Sancho de Ávila,living_street,10,3,2.751,"LINESTRING (2.1928824 41.4008235, 2.1929053 41.4008413)",4411622705,3105279331,0
440680382,True,1,Carrer de la Ciutat de Granada,living_street,10,3,5.018,"LINESTRING (2.1929314 41.4023108, 2.1928898 41.4023434)",4411622711,8122247214,0
273302701,True,1,Carrer de Roc Boronat,living_street,20,3,4.408,"LINESTRING (2.1967921 41.4010106, 2.1968287 41.400982)",5292097085,8279041070,0
703248212,True,1,Carrer de Sancho de Ávila,living_street,10,3,22.466,"LINESTRING (2.1934667 41.4012786, 2.1936555 41.4014227)",5764725037,8122247196,0
440788939,True,,Carrer de Roc Boronat,living_street,20,,5.909,"LINESTRING (2.1959992 41.4016119, 2.1960518 41.4015763)",5764726550,4385601467,0
440680377,True,1,Carrer de Sancho de Ávila,living_street,10,3,63.407,"LINESTRING (2.1947315 41.4022419, 2.1941922 41.40184)",5764727137,5764727138,0
440680377,True,1,Carrer de Sancho de Ávila,living_street,10,3,16.055,"LINESTRING (2.1941922 41.40184, 2.1940561 41.4017379)",5764727138,8122247194,0
237521108,True,1,Carrer dels Almogàvers,living_street,10,3,62.12,"LINESTRING (2.1953387 41.4009817, 2.1958799 41.4013655)",5764727139,5764727140,0
237521108,True,1,Carrer dels Almogàvers,living_street,10,3,10.513,"LINESTRING (2.1958799 41.4013655, 2.1959563 41.4014407)",5764727140,4385152494,0
440680382,True,1,Carrer de la Ciutat de Granada,living_street,10,3,9.06,"LINESTRING (2.1930066 41.402252, 2.1929314 41.4023108)",6080909188,4411622711,0
273302701,True,1,Carrer de Roc Boronat,living_street,20,3,2.928,"LINESTRING (2.1969748 41.4008678, 2.1969991 41.4008488)",6957318853,8109578038,0
273302701,True,1,Carrer de Roc Boronat,living_street,20,3,22.582,"LINESTRING (2.1969991 41.4008488, 2.1971866 41.4007023)",8109578038,2075448033,0
440740421,True,1,Carrer dels Almogàvers,living_street,10,3,86.154,"LINESTRING (2.1947761 41.400564, 2.19407 41.3999985)",8122048083,3105288631,0
440740420,True,1,Carrer de la Ciutat de Granada,living_street,10,3,12.996,"LINESTRING (2.1947458 41.4008798, 2.1948551 41.4007965)",8122048084,4385152491,0
237521095,True,1,Carrer de la Ciutat de Granada,living_street,10,3,3.216,"LINESTRING (2.1951607 41.4005763, 2.1951335 41.4005968)",8122048085,4385152489,0
440740421,True,1,Carrer dels Almogàvers,living_street,10,3,21.889,"LINESTRING (2.1940336 41.3999763, 2.1938081 41.3998756)",8122048087,30689536,0
440740425,True,1,Carrer de Roc Boronat,living_street,20,3,88.19,"LINESTRING (2.1951277 41.4022758, 2.1958791 41.4017178)",8122247191,4385152497,0
440740427,True,1,Carrer de Roc Boronat,living_street,20,3,4.805,"LINESTRING (2.1947564 41.4025727, 2.1947964 41.4025416)",8122247192,4385152385,0
440680377,True,1,Carrer de Sancho de Ávila,living_street,10,3,6.297,"LINESTRING (2.194784 41.4022826, 2.1947315 41.4022419)",8122247193,5764727137,0
440680377,True,1,Carrer de Sancho de Ávila,living_street,10,3,3.444,"LINESTRING (2.1940561 41.4017379, 2.1940269 41.401716)",8122247194,4385152384,0
440680382,True,1,Carrer de la Ciutat de Granada,living_street,10,3,78.634,"LINESTRING (2.1936593 41.4017417, 2.1930066 41.402252)",8122247195,6080909188,0
703248212,True,1,Carrer de Sancho de Ávila,living_street,10,3,4.022,"LINESTRING (2.1936555 41.4014227, 2.1936893 41.4014485)",8122247196,4385152383,0
440680382,True,1,Carrer de la Ciutat de Granada,living_street,10,3,16.754,"LINESTRING (2.1928898 41.4023434, 2.1927507 41.4024521)",8122247214,4411622709,0
273302701,True,1,Carrer de Roc Boronat,living_street,20,3,17.6,"LINESTRING (2.1968287 41.400982, 2.1969748 41.4008678)",8279041070,6957318853,0
440740427,True,1,Carrer de Roc Boronat,living_street,20,3,24.183,"LINESTRING (2.1944766 41.4027942, 2.1946793 41.4026387)",8279041071,1829944834,0
